imdb_id,mpaa_rating,running_time,budget,opening_wkd,gross_us,awards,genres_Action,genres_Adventure,genres_Animation,genres_Biography,genres_Comedy,genres_Crime,genres_Drama,genres_Documentary,genres_Fantasy,genres_Family,genres_History,genres_Horror,genres_Mystery,genres_Musical,genres_Music,genres_Romance,genres_Sci-Fi,genres_Sport,genres_Thriller,genres_War,genres_Western,country_United States,country_United Kingdom,country_France,country_Canada,country_India,country_other,language_English,language_French,language_Hindi,language_other,release_endtime,release_starttime,show_time_week,company,distributor
tt0383010,3,92.0,,17010125,44328238,3,0,0,0,0,1,0,0,0,0,0,0,0,0,0,0,0,0,0,0,0,0,1,0,0,0,0,0,1,0,0,0,2223,2206,17,co0000756,Twentieth Century Fox Film Corporation
tt0401729,1,132.0,250000000.0,30180188,73058679,4,1,1,0,0,0,0,0,0,1,0,0,0,0,0,0,0,0,0,0,0,0,1,0,0,0,0,0,1,0,0,0,2216,2201,15,co0226183,Walt Disney Studios Motion Pictures
tt0431021,1,92.0,14000000.0,17732480,49122319,4,0,0,0,0,0,0,0,0,0,0,0,1,0,0,0,0,0,0,1,0,0,1,0,0,1,0,0,1,0,0,0,2237,2226,11,co0173285,Lionsgate
tt0443272,1,150.0,65000000.0,944308,182204440,261,0,0,0,1,0,0,1,0,0,0,1,0,0,0,0,0,0,0,0,0,0,1,0,0,0,0,0,1,0,0,0,2259,2236,23,co0049348,Touchstone Pictures
tt0454876,3,127.0,120000000.0,22451514,124976634,219,0,1,0,0,0,0,1,0,1,0,0,0,0,0,0,0,0,0,0,0,0,1,1,0,0,0,1,1,1,1,1,2270,2238,32,co0017497,Fox 2000 Pictures
tt0485985,1,125.0,58000000.0,18782154,49875589,12,1,1,0,0,0,0,1,0,0,0,0,0,0,0,0,0,0,0,0,0,0,1,0,0,0,0,0,1,0,0,1,2213,2194,19,co0000756,Twentieth Century Fox Film Corporation
tt0763831,1,91.0,40000000.0,6176280,18438149,3,0,0,0,0,1,0,1,0,0,0,0,0,0,0,0,1,0,0,0,0,0,1,0,0,0,0,0,1,0,0,0,2212,2201,11,co0023400,Paramount Pictures
tt0770802,1,102.0,,105000,2601847,3,0,0,0,0,0,0,0,1,0,0,0,0,0,0,0,0,0,0,0,0,0,1,0,0,0,0,1,0,0,0,0,2242,2225,17,co0314632,Freestyle Digital Media
tt0790724,1,130.0,60000000.0,15210156,80033643,3,1,0,0,0,0,1,0,0,0,0,0,0,0,0,0,0,0,0,1,0,0,1,0,0,0,0,0,1,0,0,0,2254,2242,12,co0023400,Paramount Pictures
tt0837562,3,91.0,85000000.0,42522194,148313048,17,0,0,1,0,1,0,0,0,0,1,0,0,0,0,0,0,0,0,0,0,0,1,0,0,0,0,0,1,0,0,0,2250,2230,20,co0071509,Columbia Pictures
tt0848228,1,143.0,220000000.0,207438708,623279547,110,1,0,0,0,0,0,0,0,0,0,0,0,0,0,0,0,1,0,0,0,0,1,0,0,0,0,0,1,0,0,1,2230,2209,21,co0226183,Walt Disney Studios Motion Pictures
tt0903624,1,169.0,180000000.0,84617303,303001229,85,0,1,0,0,0,0,0,0,1,0,0,0,0,0,0,0,0,0,0,0,0,1,0,0,0,0,1,1,0,0,0,2259,2241,18,co0026840,Warner Bros.
tt0938330,2,95.0,20000000.0,8023036,17529157,4,0,0,0,0,0,0,0,0,0,0,0,1,1,0,0,0,0,0,1,0,0,1,0,1,1,0,0,1,0,0,0,2241,2234,7,co0342335,Open Road Films (II)
tt0948470,1,136.0,230000000.0,62004688,262030663,31,1,1,0,0,0,0,0,0,1,0,0,0,0,0,0,0,0,0,0,0,0,1,0,0,0,0,0,1,0,0,0,2232,2218,14,co0071509,Columbia Pictures
tt0975645,1,98.0,,287715,6002708,26,0,0,0,1,0,0,1,0,0,0,0,0,0,0,0,0,0,0,0,0,0,1,1,0,0,0,0,1,0,0,0,2253,2238,15,co0028932,Fox Searchlight Pictures
tt1024648,2,120.0,44000000.0,19458109,136019448,239,0,0,0,1,0,0,1,0,0,0,1,0,0,0,0,0,0,0,0,0,0,1,0,0,0,0,0,1,0,0,1,2259,2232,27,co0026840,Warner Bros.
tt1045658,2,122.0,21000000.0,443003,132088910,212,0,0,0,0,1,0,1,0,0,0,0,0,0,0,0,1,0,0,0,0,0,1,0,0,0,0,0,1,0,0,0,2265,2237,28,co0150452,"Weinstein Company, The"
tt1047540,3,105.0,25000000.0,14554053,77264926,3,0,0,0,0,1,0,0,0,0,0,0,0,0,0,0,0,0,0,0,0,0,1,0,0,0,0,0,1,0,0,0,2263,2243,20,co0000756,Twentieth Century Fox Film Corporation
tt1071875,1,96.0,57000000.0,22115334,51774002,3,1,0,0,0,0,0,0,0,1,0,0,0,0,0,0,0,0,0,1,0,0,1,0,0,0,0,1,1,0,0,0,2209,2198,11,co0071509,Columbia Pictures
tt1074638,1,143.0,200000000.0,88364714,304360277,174,1,0,0,0,0,0,0,0,0,0,0,0,0,0,0,0,0,0,1,0,0,1,1,0,0,0,0,1,0,0,0,2253,2236,17,co0071509,Columbia Pictures
tt1077368,1,113.0,150000000.0,29685274,79711678,13,0,0,0,0,1,0,0,0,0,0,0,1,0,0,0,0,0,0,0,0,0,1,0,0,0,0,1,1,0,0,0,2223,2210,13,co0026840,Warner Bros.
tt1142977,3,87.0,39000000.0,11412213,35287788,58,0,0,1,0,1,0,0,0,0,1,0,0,0,0,0,0,0,0,0,0,0,1,0,0,0,0,0,1,0,0,0,2251,2231,20,co0008970,Walt Disney Pictures
tt1183919,1,144.0,,262004,1412124,12,0,0,0,1,0,0,0,1,0,0,0,0,0,0,1,0,0,0,0,0,0,1,1,0,0,0,0,1,1,0,1,2223,2207,16,co0134717,Magnolia Pictures
tt1194173,1,135.0,125000000.0,38142825,113165635,10,1,1,0,0,0,0,0,0,0,0,0,0,1,0,0,0,0,0,0,0,0,1,0,0,0,0,0,1,0,0,1,2235,2223,12,co0005073,Universal Pictures
tt1195478,2,124.0,30000000.0,10610060,28644770,0,0,0,0,0,1,0,0,0,0,0,0,0,0,0,0,1,0,0,0,0,0,1,0,0,0,0,0,1,0,0,0,2215,2208,7,co0005073,Universal Pictures
tt1212450,2,116.0,26000000.0,10001566,37397291,4,0,0,0,0,0,1,1,0,0,0,0,0,0,0,0,0,0,0,0,0,0,1,0,0,0,0,0,1,0,0,0,2238,2226,12,co0150452,"Weinstein Company, The"
tt1217209,3,93.0,185000000.0,66323594,237282182,63,1,1,1,0,0,0,0,0,0,0,0,0,0,0,0,0,0,0,0,0,0,1,0,0,0,0,0,1,0,0,0,2245,2216,29,co0226183,Walt Disney Studios Motion Pictures
tt1222815,5,78.0,,10673748,28965459,2,0,0,0,0,0,0,0,1,0,0,0,0,0,0,0,0,0,0,0,0,0,1,0,0,0,0,1,1,0,0,0,2222,2207,15,co0236496,Disneynature
tt1226240,2,105.0,,75279,1561577,0,0,0,0,0,0,0,1,0,0,0,0,0,0,0,1,0,0,0,0,0,0,1,0,0,0,0,0,1,0,0,0,2253,2235,18,co0309705,Entertainment One
tt1232200,2,116.0,70000000.0,13453714,36931089,15,0,0,0,0,1,0,0,0,0,0,0,0,0,0,0,0,0,0,0,0,0,1,0,0,0,0,0,1,0,0,0,2220,2215,5,co0071509,Columbia Pictures
tt1232829,2,109.0,42000000.0,36302612,138447667,30,1,0,0,0,1,1,0,0,0,0,0,0,0,0,0,0,0,0,0,0,0,1,0,0,0,0,0,1,0,0,0,2217,2202,15,co0071509,Columbia Pictures
tt1234719,1,93.0,65000000.0,14276668,44800706,4,1,0,0,0,0,0,0,0,0,0,0,0,0,0,0,0,0,0,1,1,0,1,0,0,0,0,0,1,0,0,1,2250,2238,12,co0314851,FilmDistrict
tt1258972,2,95.0,15000000.0,7910980,15608545,3,1,0,0,0,0,0,0,0,0,0,0,0,0,0,0,0,0,0,0,0,0,1,0,0,0,0,1,1,0,0,0,2241,2235,6,co0005073,Universal Pictures
tt1259521,2,95.0,30000000.0,14743614,42043633,29,0,0,0,0,0,0,0,0,0,0,0,1,1,0,0,0,0,0,1,0,0,1,0,0,0,0,0,1,0,0,1,2218,2206,12,co0173285,Lionsgate
tt1276104,2,119.0,30000000.0,20801552,66468315,44,1,0,0,0,0,1,0,0,0,0,0,0,0,0,0,0,1,0,0,0,0,1,0,0,0,0,1,1,0,0,0,2243,2230,13,co0110101,Sony Pictures Releasing
tt1276419,2,137.0,,38212,1545726,70,0,0,0,0,0,0,1,0,0,0,1,0,0,0,0,1,0,0,0,0,0,0,0,0,0,0,1,1,1,0,1,2260,2236,24,co0134717,Magnolia Pictures
tt1277953,3,93.0,145000000.0,60316738,216366733,19,0,1,1,0,1,0,0,0,0,0,0,0,0,0,0,0,0,0,0,0,0,1,0,1,0,0,1,1,0,0,0,2232,2214,18,co0023400,Paramount Pictures
tt1298649,2,102.0,68000000.0,12750297,34350553,2,0,0,0,0,1,0,0,0,0,0,0,0,0,0,0,0,1,0,0,0,0,1,0,0,0,0,0,1,0,0,0,2232,2221,11,co0000756,Twentieth Century Fox Film Corporation
tt1307068,2,101.0,10000000.0,3822803,6619173,3,0,0,0,0,1,0,1,0,0,0,0,0,0,0,0,1,0,0,0,0,0,1,0,0,0,0,1,1,0,0,0,2217,2216,1,co0042399,Focus Features
tt1327194,1,101.0,25000000.0,22518358,60443237,19,0,0,0,0,0,0,1,0,0,0,0,0,0,0,0,1,0,0,0,0,0,1,0,0,0,0,0,1,0,0,0,2219,2207,12,co0026840,Warner Bros.
tt1336608,1,123.0,75000000.0,14437269,38509342,7,0,0,0,0,1,0,1,0,0,0,0,0,0,1,0,0,0,0,0,0,0,1,0,0,0,0,0,1,0,0,0,2223,2215,8,co0026840,Warner Bros.
tt1343727,2,95.0,50000000.0,6278491,13401683,12,1,0,0,0,0,0,0,0,0,0,0,0,0,0,0,0,1,0,0,0,0,1,1,0,0,1,1,1,0,0,0,2234,2229,5,co0173285,Lionsgate
tt1345836,1,165.0,250000000.0,160887295,448130642,130,1,0,0,0,0,1,0,0,0,0,0,0,0,0,0,0,0,0,1,0,0,1,1,0,0,0,0,1,0,0,0,2240,2220,20,co0026840,Warner Bros.
tt1366365,1,93.0,20000000.0,1831588,3749061,2,1,0,0,0,0,0,0,0,0,0,0,0,0,0,0,0,0,0,1,0,0,1,0,0,0,0,1,1,0,0,1,2230,2227,3,co0046206,Summit Entertainment
tt1371111,2,172.0,102000000.0,9612247,27098580,54,0,1,0,0,0,0,1,0,0,0,0,0,0,0,0,0,1,0,0,0,0,1,0,0,0,0,1,1,0,0,1,2246,2234,12,co0026840,Warner Bros.
tt1386703,1,118.0,125000000.0,25577758,58877969,4,1,1,0,0,0,0,0,0,0,0,0,0,0,0,0,0,1,0,0,0,0,1,0,0,1,0,0,1,0,0,0,2231,2222,9,co0071509,Columbia Pictures
tt1392170,1,142.0,78000000.0,152535747,407999255,94,0,1,0,0,0,0,0,0,0,0,0,0,0,0,0,0,1,0,0,0,0,1,0,0,0,0,0,1,0,0,0,2226,2203,23,co0173285,Lionsgate
tt1397280,1,92.0,45000000.0,49514769,139852971,3,1,0,0,0,0,1,0,0,0,0,0,0,0,0,0,0,0,0,1,0,0,0,0,1,0,0,0,1,0,0,1,2250,2231,19,co0000756,Twentieth Century Fox Film Corporation
tt1397514,3,94.0,79000000.0,27335363,103812241,10,1,1,0,0,1,0,0,0,0,0,0,0,0,0,0,0,0,0,0,0,0,1,0,0,0,0,0,1,0,0,0,2216,2197,19,co0046718,New Line Cinema
tt1405365,2,92.0,,107785,3094687,4,0,0,0,0,1,0,1,0,0,0,0,0,0,0,0,1,0,0,0,0,0,1,0,0,0,0,0,1,0,0,0,2240,2222,18,co0014453,Sony Pictures Classics
tt1409024,1,106.0,225000000.0,54592779,179020854,13,1,0,0,0,1,0,0,0,0,0,0,0,0,0,0,0,1,0,0,0,0,1,0,0,0,0,1,1,0,0,0,2227,2212,15,co0071509,Columbia Pictures
tt1412386,1,124.0,10000000.0,737051,46377022,22,0,0,0,0,1,0,1,0,0,0,0,0,0,0,0,0,0,0,0,0,0,1,1,0,0,0,1,1,0,1,0,2233,2209,24,co0028932,Fox Searchlight Pictures
tt1417075,2,145.0,,27413,1038733,36,0,0,0,0,0,0,1,0,0,0,0,0,0,0,0,0,0,0,0,1,0,0,0,0,1,0,1,0,0,0,1,2210,2197,13,co0014453,Sony Pictures Classics
tt1430615,3,107.0,40000000.0,7760205,20113965,0,0,0,0,0,0,0,1,0,0,0,0,0,0,0,0,1,0,0,0,0,0,1,1,0,0,0,0,1,0,0,0,2204,2196,8,co0005073,Universal Pictures
tt1430626,3,88.0,55000000.0,11137734,31051126,19,0,1,1,0,1,0,0,0,0,0,0,0,0,0,0,0,0,0,0,0,0,1,1,0,0,0,0,1,0,0,0,2222,2208,14,co0071509,Columbia Pictures
tt1433822,1,83.0,17000000.0,2955000,4930798,0,0,0,0,0,0,0,0,0,0,0,0,1,0,0,0,0,0,0,1,0,0,1,0,0,0,0,0,1,0,0,0,2231,2225,6,co0026840,Warner Bros.
tt1435513,2,100.0,,35656,1799187,2,0,0,0,0,1,0,0,0,0,0,0,0,0,0,0,1,0,0,0,0,0,0,1,1,0,0,1,1,0,0,0,2229,2211,18,co0014453,Sony Pictures Classics
tt1440129,1,131.0,209000000.0,25534825,65173160,18,1,1,0,0,0,0,0,0,0,0,0,0,0,0,0,0,1,0,0,0,0,1,0,0,0,0,0,1,0,0,0,2221,2211,10,co0005073,Universal Pictures
tt1441952,1,107.0,,225894,9025107,9,0,0,0,0,1,0,1,0,0,0,0,0,0,0,0,1,0,0,0,0,0,0,1,0,0,0,0,1,0,0,1,2213,2201,12,co0047306,CBS Films
tt1445520,3,103.0,,47528,2007451,45,0,0,0,0,1,0,1,0,0,0,0,0,0,0,0,0,0,0,0,0,0,0,0,0,0,0,1,0,0,0,1,2218,2201,17,co0014453,Sony Pictures Classics
tt1446192,3,97.0,145000000.0,23773465,103400692,37,0,1,1,0,0,0,0,0,0,1,0,0,0,0,0,0,0,0,0,0,0,1,0,0,0,0,0,1,1,0,0,2257,2238,19,co0023400,Paramount Pictures
tt1446714,2,124.0,130000000.0,51050101,126464904,34,0,1,0,0,0,0,0,0,0,0,0,0,1,0,0,0,1,0,0,0,0,1,1,0,0,0,0,1,0,0,1,2228,2214,14,co0000756,Twentieth Century Fox Film Corporation
tt1456635,2,92.0,,49076,4168144,13,0,0,0,0,1,0,0,0,0,0,0,0,0,0,0,0,0,1,0,0,0,1,0,0,1,0,0,1,0,0,0,2212,2204,8,co0219575,Magnet Releasing
tt1462769,3,105.0,,10822903,51853450,7,0,0,0,0,1,0,1,0,0,1,0,0,0,0,0,0,0,0,0,0,0,1,0,0,0,0,0,1,0,0,0,2245,2224,21,co0226183,Walt Disney Studios Motion Pictures
tt1477855,2,94.0,,81362,6367780,2,0,0,0,1,1,0,1,0,0,0,0,0,0,0,0,0,0,0,0,0,0,0,1,0,0,0,0,1,0,0,0,2255,2240,15,co0042399,Focus Features
tt1482459,3,86.0,70000000.0,70217070,213949505,12,0,0,1,0,1,0,0,0,0,1,0,0,0,0,0,0,0,0,0,0,0,1,0,0,0,0,0,1,0,0,0,2220,2200,20,co0005073,Universal Pictures
tt1486192,2,110.0,26000000.0,7289642,16005978,2,0,0,0,0,0,1,0,0,0,0,0,0,1,0,0,0,0,0,1,0,0,1,0,0,0,0,1,1,0,0,0,2218,2208,10,co0123433,Rogue Pictures
tt1496025,2,88.0,70000000.0,25306725,62321039,0,1,0,0,0,0,0,0,0,1,0,0,1,0,0,0,0,0,0,0,0,0,1,0,0,0,0,0,1,0,0,1,2200,2194,6,co0010568,Screen Gems
tt1506999,2,93.0,23000000.0,8425370,18934858,5,1,0,0,0,0,0,0,0,0,0,0,0,0,0,0,0,0,0,1,0,0,1,0,0,0,0,1,1,0,0,1,2202,2194,8,co0142678,Relativity Media
tt1520498,5,88.0,12000000.0,443901,1064277,2,0,1,0,0,0,0,0,0,0,1,0,0,0,0,0,0,0,0,0,0,0,1,0,0,0,0,0,1,0,0,0,2228,2226,2,co0296096,Kenn Viselman Presents
tt1524137,2,109.0,25000000.0,24349815,66489425,0,1,0,0,0,0,1,1,0,0,0,0,0,0,0,0,0,0,0,0,0,0,1,1,1,0,0,0,1,0,0,1,2201,2193,8,co0005073,Universal Pictures
tt1535438,1,100.0,30000000.0,14650121,63536011,0,0,0,0,0,1,0,1,0,0,0,0,0,0,0,0,1,0,0,0,0,0,1,0,0,0,0,0,1,0,0,0,2233,2223,10,co0071509,Columbia Pictures
tt1540128,1,105.0,35000000.0,5750288,13101142,2,0,0,0,0,1,0,0,0,0,0,0,0,0,0,0,1,0,1,0,0,0,1,0,0,0,0,0,1,0,0,0,2250,2240,10,co0314851,FilmDistrict
tt1547234,1,91.0,35000000.0,6300000,20275446,5,1,0,0,0,0,1,0,0,0,0,0,0,0,0,0,0,0,0,1,0,0,1,0,0,0,0,0,1,0,0,1,2233,2225,8,co0071509,Columbia Pictures
tt1560747,2,144.0,32000000.0,736311,16377274,220,0,0,0,0,0,0,1,0,0,0,0,0,0,0,0,0,0,0,0,0,0,1,0,0,0,0,0,1,0,0,0,2254,2228,26,co0150452,"Weinstein Company, The"
tt1560985,2,83.0,,33732515,53245055,6,0,0,0,0,0,0,0,0,0,0,0,1,0,0,0,0,0,0,0,0,0,1,0,0,0,0,0,1,0,0,0,2202,2192,10,co0306248,Insurge Pictures
tt1566501,2,145.0,12000000.0,1885608,5669081,12,0,0,0,0,0,0,1,0,0,0,1,0,0,0,0,0,0,0,0,1,0,0,0,0,0,0,1,1,0,0,1,2223,2213,10,co0328805,ARC Entertainment (II)
tt1568338,1,102.0,42000000.0,8001932,18600911,0,1,0,0,0,0,1,0,0,0,0,0,0,0,0,0,0,0,0,1,0,0,1,0,0,0,0,0,1,0,0,1,2199,2195,4,co0046206,Summit Entertainment
tt1568921,5,94.0,,6446395,19192510,12,0,1,1,0,0,0,0,0,0,1,0,0,0,0,0,0,0,0,0,0,0,0,0,0,0,0,1,1,0,0,1,2213,2198,15,co0226183,Walt Disney Studios Motion Pictures
tt1579361,1,75.0,,83200,780100,23,0,0,0,1,0,0,0,1,0,0,0,0,0,0,0,0,0,0,0,0,0,1,0,0,0,0,0,1,0,0,0,2243,2236,7,co0400558,Submarine Deluxe
tt1582507,1,101.0,6900000.0,12287234,31607598,7,0,0,0,0,0,0,0,0,0,0,0,1,1,0,0,0,0,0,1,0,0,1,0,0,1,0,0,1,0,0,0,2241,2229,12,co0142678,Relativity Media
tt1586265,1,110.0,40000000.0,10547068,41102171,13,0,0,0,0,1,0,1,0,0,0,0,0,0,0,0,1,0,0,0,0,0,1,0,0,0,0,0,1,0,0,0,2221,2211,10,co0173285,Lionsgate
tt1588334,2,83.0,10000000.0,855709,4244155,0,0,0,0,0,1,0,1,0,0,0,0,0,0,0,0,0,0,0,0,0,0,1,0,0,0,0,0,1,0,0,0,2210,2202,8,co0179341,Paramount Vantage
tt1591479,2,110.0,12000000.0,24476632,70011073,6,1,0,0,0,0,0,0,0,0,0,0,0,0,0,0,0,0,0,1,1,0,1,0,0,0,0,0,1,0,0,1,2213,2199,14,co0142678,Relativity Media
tt1592281,2,116.0,,137019,1237514,17,0,0,0,0,1,0,1,0,0,0,0,0,0,0,0,0,0,0,0,0,0,0,0,0,1,0,1,1,0,0,0,2229,2217,12,co0134717,Magnolia Pictures
tt1592525,1,95.0,20000000.0,6231836,14291570,0,1,0,0,0,0,0,0,0,0,0,0,0,0,0,0,0,1,0,1,0,0,0,0,1,0,0,0,1,0,0,0,2211,2206,5,co0342335,Open Road Films (II)
tt1596350,1,103.0,65000000.0,17405930,54758461,6,1,0,0,0,1,0,0,0,0,0,0,0,0,0,0,1,0,0,0,0,0,1,0,0,0,0,0,1,0,0,1,2214,2198,16,co0000756,Twentieth Century Fox Film Corporation
tt1596365,1,95.0,17000000.0,20874072,54322273,16,0,0,0,0,0,0,1,0,0,0,0,1,0,0,0,0,0,0,1,0,0,0,1,0,1,0,1,1,0,0,0,2208,2196,12,co0047306,CBS Films
tt1598828,1,91.0,40000000.0,11515790,26404753,0,1,0,0,0,1,1,0,0,0,0,0,0,0,0,0,0,0,0,0,0,0,1,0,0,0,0,0,1,0,0,0,2205,2195,10,co0173285,Lionsgate
tt1599348,2,115.0,85000000.0,40172720,126149655,6,1,0,0,0,0,1,0,0,0,0,0,0,1,0,0,0,0,0,0,0,0,1,0,0,0,0,1,1,0,0,1,2210,2197,13,co0005073,Universal Pictures
tt1601913,2,117.0,25000000.0,19665101,51533608,10,0,1,0,0,0,0,1,0,0,0,0,0,0,0,0,0,0,0,1,0,0,1,0,0,0,0,0,1,0,0,0,2205,2195,10,co0342335,Open Road Films (II)
tt1602098,2,113.0,,696166,3014541,65,0,0,0,0,0,0,1,0,0,0,0,0,0,0,0,0,0,0,0,0,0,1,1,1,0,0,1,1,0,0,0,2210,2195,15,co0192696,LD Entertainment
tt1602620,1,127.0,8900000.0,68266,6738954,157,0,0,0,0,0,0,1,0,0,0,0,0,0,0,0,1,0,0,0,0,0,0,0,1,0,0,1,1,1,0,0,2262,2242,20,co0014453,Sony Pictures Classics
tt1605630,2,113.0,50000000.0,21514080,56724080,3,0,0,0,0,1,0,0,0,0,0,0,0,0,0,0,0,0,0,0,0,0,1,0,0,0,0,0,1,0,0,0,2212,2205,7,co0005073,Universal Pictures
tt1606389,1,104.0,30000000.0,41202458,125014030,22,0,0,0,0,0,0,1,0,0,0,0,0,0,0,0,1,0,0,0,0,0,1,1,1,0,0,1,1,0,0,0,2210,2197,13,co0010568,Screen Gems
tt1611224,2,105.0,69000000.0,16306974,37516013,0,1,0,0,0,0,0,0,0,1,0,0,1,0,0,0,0,0,0,0,0,0,1,0,0,0,0,0,1,0,0,0,2228,2216,12,co0000756,Twentieth Century Fox Film Corporation
tt1614989,2,100.0,30000000.0,43013,1196752,22,0,0,0,0,0,1,0,0,0,0,0,0,0,0,0,0,0,0,1,0,0,0,0,0,0,0,1,1,0,0,1,2223,2208,15,co0134717,Magnolia Pictures
tt1615065,2,131.0,45000000.0,16016910,47307550,6,0,0,0,0,0,1,1,0,0,0,0,0,0,0,0,0,0,0,1,0,0,1,0,0,0,0,0,1,0,0,0,2226,2218,8,co0005073,Universal Pictures
tt1621045,1,122.0,12000000.0,33636303,91547205,17,0,0,0,0,1,0,0,0,0,0,0,0,0,0,0,1,0,0,0,0,0,1,0,0,0,0,0,1,0,0,0,2218,2207,11,co0010568,Screen Gems
tt1623288,3,92.0,60000000.0,14087050,55994557,64,0,1,1,0,1,0,0,0,0,0,0,0,0,0,0,0,0,0,0,0,0,1,0,0,0,0,0,1,0,0,0,2243,2224,19,co0042399,Focus Features
tt1629757,3,116.0,20000000.0,2268274,6002756,0,0,0,0,0,0,0,1,0,0,0,0,0,0,0,0,0,0,1,0,0,0,1,0,0,0,0,0,1,0,0,0,2245,2234,11,co0000756,Twentieth Century Fox Film Corporation
tt1636826,2,88.0,12000000.0,21051363,54724272,4,0,0,0,0,1,1,0,0,0,0,0,0,0,0,0,0,0,0,0,0,0,1,0,0,0,0,0,1,0,0,0,2210,2200,10,co0026840,Warner Bros.
tt1637725,2,106.0,50000000.0,54415205,218628680,40,0,0,0,0,1,0,0,0,1,0,0,0,0,0,0,0,0,0,0,0,0,1,0,0,0,0,0,1,0,0,0,2233,2217,16,co0005073,Universal Pictures
tt1645170,2,83.0,65000000.0,17435092,59617068,0,0,0,0,0,1,0,0,0,0,0,0,0,0,0,0,0,0,0,0,0,0,1,0,0,0,0,0,1,0,0,1,2220,2211,9,co0023400,Paramount Pictures
tt1646987,1,99.0,150000000.0,33457188,83640426,6,1,1,0,0,0,0,0,0,1,0,0,0,0,0,0,0,0,0,0,0,0,1,0,0,0,0,1,1,0,0,0,2216,2204,12,co0026840,Warner Bros.
tt1648179,3,105.0,,11816596,45290318,3,1,0,0,0,1,0,0,0,0,0,0,0,0,0,0,0,0,0,0,0,0,1,0,0,0,0,0,1,0,0,1,2250,2232,18,co0071509,Columbia Pictures
tt1649419,1,114.0,30000000.0,143818,18996755,93,0,0,0,0,0,0,1,0,0,0,1,0,0,0,0,0,0,0,0,0,0,0,0,0,0,0,1,1,0,0,1,2258,2242,16,co0046206,Summit Entertainment
tt1655460,2,98.0,,6526650,17225675,0,0,0,0,0,1,0,0,0,0,0,0,0,0,0,0,0,0,0,0,0,0,1,0,0,0,0,0,1,0,0,0,2204,2199,5,co0005073,Universal Pictures
tt1656190,2,94.0,30000000.0,7892539,17120019,2,1,0,0,0,0,1,0,0,0,0,0,0,0,0,0,0,0,0,1,0,0,1,0,0,0,0,0,1,0,0,1,2215,2208,7,co0173285,Lionsgate
tt1659337,1,102.0,13000000.0,228359,17738570,56,0,0,0,0,0,0,1,0,0,0,0,0,0,0,0,1,0,0,0,0,0,1,0,0,0,0,0,1,0,0,0,2248,2229,19,co0046206,Summit Entertainment
tt1663143,1,86.0,14000000.0,4101017,9402410,0,0,0,0,0,1,0,0,0,0,0,0,0,0,0,0,0,0,0,0,0,0,1,0,0,0,0,0,1,0,0,0,2240,2234,6,co0023400,Paramount Pictures
tt1667307,1,99.0,,58589,1007535,0,0,0,0,0,1,0,1,0,0,0,0,0,0,0,0,1,0,0,0,0,0,1,0,0,0,0,0,1,0,0,0,2224,2205,19,co0014453,Sony Pictures Classics
tt1667353,3,106.0,85000000.0,18132085,64933670,15,0,1,0,0,1,0,1,0,0,0,0,0,0,0,0,0,0,0,0,0,0,1,0,0,1,0,0,1,0,0,0,2223,2204,19,co0142678,Relativity Media
tt1667889,3,88.0,95000000.0,46629259,161317423,12,0,1,1,0,1,0,0,0,0,0,0,0,0,0,0,0,0,0,0,0,0,1,0,0,0,0,0,1,0,0,0,2248,2219,29,co0000756,Twentieth Century Fox Film Corporation
tt1673434,1,115.0,120000000.0,141067634,292298923,48,0,1,0,0,0,0,1,0,1,0,0,0,0,0,0,0,0,0,0,0,0,1,0,0,0,0,0,1,0,0,0,2252,2237,15,co0046206,Summit Entertainment
tt1675434,2,112.0,,103507,13179837,81,0,0,0,1,1,0,1,0,0,0,0,0,0,0,0,0,0,0,0,0,0,0,0,1,0,0,0,1,1,0,0,2245,2212,33,co0150452,"Weinstein Company, The"
tt1682181,1,98.0,1100000.0,116472,4038876,23,0,0,0,0,0,0,0,1,0,0,0,0,0,0,0,0,0,0,0,0,0,1,0,0,0,0,0,1,0,0,0,2236,2204,32,co0150452,"Weinstein Company, The"
tt1694020,1,95.0,40000000.0,5290629,37101011,0,0,0,0,0,1,0,0,0,0,0,0,0,0,0,0,0,0,0,0,0,0,1,0,0,0,0,0,1,0,0,0,2252,2242,10,co0023400,Paramount Pictures
tt1700844,2,98.0,,123841,1124786,10,0,0,0,0,0,0,1,0,0,0,0,0,0,0,0,1,0,0,0,0,0,1,1,0,0,0,0,1,0,0,0,2223,2203,20,co0235025,Music Box Films
tt1702425,2,84.0,,2287239,5895238,9,0,0,0,0,1,0,0,0,0,0,0,0,0,0,0,0,0,0,0,0,1,1,0,0,0,0,0,1,0,0,1,2210,2202,8,co0325194,Pantelion Films
tt1703958,4,,,637100,1153360,3,0,0,0,0,1,0,1,0,0,0,0,0,0,0,0,1,0,0,0,0,0,0,0,0,0,1,0,0,0,1,0,2201,2197,4,,>UTV&nbsp;
tt1704573,1,99.0,,85805,9203192,27,0,0,0,0,1,1,1,0,0,0,0,0,0,0,0,0,0,0,0,0,0,1,0,0,0,0,0,1,0,0,0,2228,2208,20,co0143550,Millennium Entertainment
tt1706593,1,84.0,12000000.0,22004098,64572496,2,0,0,0,0,0,0,1,0,0,0,0,0,0,0,0,0,1,0,1,0,0,1,0,0,0,0,0,1,0,0,0,2213,2196,17,co0000756,Twentieth Century Fox Film Corporation
tt1707386,1,158.0,61000000.0,27281735,148775460,239,0,0,0,0,0,0,1,0,0,0,0,0,0,1,0,1,0,0,0,0,0,1,1,0,0,0,0,1,0,0,0,2256,2243,13,co0005073,Universal Pictures
tt1710396,1,118.0,25000000.0,11225190,30920167,0,0,0,0,0,1,0,0,0,0,0,0,0,0,0,1,0,0,0,0,0,0,1,0,0,0,0,0,1,0,0,0,2202,2193,9,co0026840,Warner Bros.
tt1712170,1,101.0,35000000.0,11396768,25863915,4,1,0,0,0,0,1,0,0,0,0,0,0,1,0,0,0,0,0,0,0,0,1,0,0,0,0,0,1,0,0,1,2243,2233,10,co0046206,Summit Entertainment
tt1716777,1,114.0,16000000.0,4255423,12412386,0,0,0,0,0,0,0,1,0,0,0,0,0,0,0,0,0,0,0,0,0,0,1,0,0,0,0,0,1,0,0,0,2224,2217,7,co0226183,Walt Disney Studios Motion Pictures
tt1720616,2,107.0,,2017466,7250054,2,0,0,0,0,1,0,1,0,0,0,0,0,0,0,0,1,0,0,0,0,0,1,0,0,0,0,0,1,0,0,0,2214,2201,13,co0017716,Roadside Attractions
tt1726669,2,102.0,10000000.0,37864,220282,25,0,0,0,0,0,1,0,0,0,0,0,0,0,0,0,0,0,0,1,0,0,1,0,0,0,0,0,1,0,0,0,2222,2221,1,co0192696,LD Entertainment
tt1728986,3,,700000000.0,561996,1216258,6,0,0,0,0,1,0,0,0,0,0,0,0,0,0,0,0,0,0,0,0,0,0,0,0,0,1,0,0,0,1,0,2221,2218,3,,>FIP&nbsp;
tt1735898,1,127.0,170000000.0,56217700,155111815,60,0,1,0,0,0,0,1,0,1,0,0,0,0,0,0,0,0,0,0,0,0,1,0,0,0,0,0,1,0,0,0,2226,2213,13,co0005073,Universal Pictures
tt1742336,2,90.0,125000.0,109221,1573712,8,0,0,0,0,1,0,1,0,0,0,0,0,0,0,0,0,0,0,0,0,0,1,0,0,0,0,0,1,0,0,0,2224,2215,9,co0015762,IFC Films
tt1748122,1,94.0,16000000.0,522996,45507053,121,0,0,0,0,1,0,1,0,0,0,0,0,0,0,0,1,0,0,0,0,0,1,0,0,0,0,0,1,0,0,0,2234,2212,22,co0042399,Focus Features
tt1748227,2,82.0,10000000.0,3104269,6842058,0,1,0,0,0,0,0,0,0,0,0,0,1,0,0,0,0,0,0,1,0,0,1,0,0,0,0,0,1,0,0,0,2243,2239,4,co0192696,LD Entertainment
tt1753813,2,100.0,,72100,72100,21,0,0,0,0,0,0,1,0,0,0,1,0,0,0,0,0,0,0,0,0,0,0,0,1,0,0,1,1,1,0,1,2219,2219,0,co0243890,Cohen Media Group
tt1758610,1,92.0,,525192,525192,0,0,0,0,0,0,0,1,0,0,0,0,0,0,0,0,0,0,0,0,0,0,1,0,0,0,0,0,1,0,0,0,2229,2229,0,co0410638,Anderson Digital
tt1758830,2,134.0,35000000.0,11579175,67523385,13,0,0,0,0,1,0,0,0,0,0,0,0,0,0,0,0,0,0,0,0,0,1,0,0,0,0,0,1,0,0,0,2251,2242,9,co0005073,Universal Pictures
tt1764183,2,107.0,12000000.0,2002165,7918283,8,0,0,0,0,0,0,1,0,0,0,0,0,0,0,0,0,0,0,1,0,0,1,0,0,0,0,0,1,0,0,0,2245,2228,17,co0173285,Lionsgate
tt1764234,2,97.0,15000000.0,6812900,14938570,6,0,0,0,0,0,1,0,0,0,0,0,0,0,0,0,0,0,0,1,0,0,1,0,0,0,0,0,1,0,0,0,2245,2239,6,co0150452,"Weinstein Company, The"
tt1764651,2,103.0,92000000.0,28591370,85017401,10,1,1,0,0,0,0,0,0,0,0,0,0,0,0,0,0,0,0,1,0,0,1,0,0,0,0,1,1,0,0,0,2237,2224,13,co0173285,Lionsgate
tt1767382,2,86.0,,6661234,12555230,0,0,1,0,0,0,0,0,0,0,0,0,1,1,0,0,0,0,0,0,0,0,1,0,1,0,0,0,1,0,0,0,2205,2201,4,co0342335,Open Road Films (II)
tt1772341,3,108.0,165000000.0,49038712,189412677,65,0,1,1,0,1,0,0,0,0,0,0,0,0,0,0,0,0,0,0,0,0,1,0,0,0,0,0,1,0,0,0,2260,2235,25,co0226183,Walt Disney Studios Motion Pictures
tt1772925,3,81.0,,42035,25645988,6,0,0,0,0,0,0,0,1,0,0,0,0,0,0,0,0,0,0,0,0,0,1,0,0,0,0,0,0,0,0,1,2224,2201,23,co0134717,Magnolia Pictures
tt1781769,2,129.0,,320690,12802907,79,0,0,0,0,0,0,1,0,0,0,0,0,0,0,0,0,0,0,0,0,0,0,1,0,0,0,0,1,0,0,0,2251,2237,14,co0042399,Focus Features
tt1787988,4,131.0,7400000.0,1638706,2706375,20,0,0,0,0,0,1,1,0,0,0,0,0,1,0,0,0,0,0,0,0,0,0,0,0,0,1,0,1,0,1,1,2241,2239,2,,>RELIANCE BIG PICTURES&nbsp;
tt1790885,2,157.0,40000000.0,417150,95720716,196,0,0,0,0,0,0,1,0,0,0,1,0,0,0,0,0,0,0,1,0,0,1,0,0,0,0,0,1,0,0,1,2256,2242,14,co0071509,Columbia Pictures
tt1790886,2,85.0,,26588460,96744503,9,0,0,0,0,1,0,0,0,0,0,0,0,0,0,0,0,0,0,0,0,0,1,0,0,0,0,0,1,0,0,0,2237,2223,14,co0026840,Warner Bros.
tt1792647,3,91.0,,2162993,12495865,0,0,0,0,0,0,0,0,0,1,0,0,0,0,0,0,0,0,0,0,0,0,1,0,0,0,0,0,1,0,0,0,2249,2242,7,co0023400,Paramount Pictures
tt1800741,1,99.0,33000000.0,11731708,35057332,0,0,0,0,0,0,0,1,0,0,0,0,0,0,0,1,1,0,0,0,0,0,1,0,0,0,0,0,1,0,0,0,2230,2221,9,co0046206,Summit Entertainment
tt1815852,1,92.0,,1183701,3376905,0,1,0,0,0,1,0,0,1,0,0,0,0,0,0,0,0,0,0,0,0,0,1,0,0,0,0,0,1,0,0,0,2231,2223,8,,>ARC ENTERTAINMENT&nbsp;
tt1817676,1,93.0,,1384078,2594878,15,0,0,0,0,1,0,1,0,0,0,0,0,0,0,0,0,0,0,0,0,0,1,0,0,0,0,0,1,0,0,1,2215,2210,5,co0325194,Pantelion Films
tt1827512,1,87.0,,45933,1384749,27,0,0,0,0,0,0,1,0,0,0,0,0,0,0,0,0,0,0,0,0,0,0,0,1,0,0,1,0,1,0,0,2214,2202,12,co0284618,Sundance Selects
tt1838544,1,94.0,,4770360,11653123,0,0,0,0,0,0,0,1,0,0,0,0,0,1,0,0,0,0,0,1,0,0,1,0,0,0,0,0,1,0,0,0,2205,2199,6,co0046206,Summit Entertainment
tt1839492,2,104.0,,140822,2535819,6,0,0,0,0,1,0,1,0,1,0,0,0,0,0,0,0,0,0,0,0,0,1,0,0,0,0,0,1,1,0,0,2233,2221,12,co0028932,Fox Searchlight Pictures
tt1840417,1,102.0,,4750894,11434867,3,0,0,0,0,0,0,1,0,0,0,0,0,1,0,0,1,0,0,0,0,0,1,0,0,0,0,0,1,1,0,0,2230,2227,3,co0047306,CBS Films
tt1849718,4,,600000000.0,1140464,1981605,25,1,0,0,0,0,1,1,0,0,0,0,0,0,0,0,0,0,0,0,0,0,0,0,0,0,1,0,1,0,1,1,2198,2195,3,,>EROS&nbsp;
tt1853728,2,165.0,100000000.0,30122888,162804648,152,0,0,0,0,0,0,0,0,0,0,0,0,0,0,0,0,0,0,0,0,1,1,0,0,0,0,0,1,1,0,1,2262,2243,19,co0150452,"Weinstein Company, The"
tt1855199,2,109.0,,13152683,40983001,17,0,0,0,0,0,1,1,0,0,0,0,0,0,0,0,0,0,0,1,0,0,1,0,0,0,0,0,1,0,0,1,2245,2229,16,co0342335,Open Road Films (II)
tt1855325,2,96.0,65000000.0,21052227,42345531,10,1,0,0,0,0,0,0,0,0,0,0,1,0,0,0,0,1,0,0,0,0,1,0,1,1,0,1,1,0,0,1,2236,2228,8,co0010568,Screen Gems
tt1859650,2,112.0,17000000.0,361359,16684352,5,0,0,0,0,1,0,0,0,0,0,0,0,0,0,0,1,0,0,0,0,0,1,0,0,0,0,1,1,0,0,1,2236,2216,20,co0014453,Sony Pictures Classics
tt1862079,2,86.0,750000.0,97762,4007792,20,0,0,0,0,1,0,1,0,0,0,0,0,0,0,0,1,0,0,0,0,0,1,0,0,0,0,0,1,0,0,0,2232,2214,18,co0314851,FilmDistrict
tt1866249,2,95.0,,113467,5997134,72,0,0,0,0,1,0,1,0,0,0,0,0,0,0,0,1,0,0,0,0,0,1,0,0,0,0,0,1,0,0,0,2253,2233,20,co0028932,Fox Searchlight Pictures
tt1870529,3,121.0,,2603370,5308553,3,0,0,0,0,0,0,1,0,0,0,0,0,0,0,0,0,0,0,0,0,0,1,0,0,0,0,0,1,0,0,0,2237,2230,7,co0000756,Twentieth Century Fox Film Corporation
tt1876451,1,116.0,17000000.0,11643342,24397469,7,0,0,0,0,0,0,1,0,0,0,0,0,0,0,1,0,0,0,0,0,0,1,0,0,0,0,0,1,0,0,0,2230,2224,6,co0110101,Sony Pictures Releasing
tt1885265,1,110.0,,15583924,35010192,5,0,0,0,0,1,0,1,0,0,0,0,0,0,0,0,1,0,0,0,0,0,1,0,0,0,0,0,1,0,0,0,2210,2199,11,co0173285,Lionsgate
tt1899353,2,101.0,1100000.0,213785,4105123,15,1,0,0,0,0,1,0,0,0,0,0,0,0,0,0,0,0,0,1,0,0,1,0,1,0,0,1,0,0,0,1,2218,2203,15,co0222021,Stage 6 Films
tt1907668,2,138.0,31000000.0,24900566,93749203,67,0,0,0,0,0,0,1,0,0,0,0,0,0,0,0,0,0,0,1,0,0,1,0,0,0,0,0,1,0,0,0,2249,2235,14,co0023400,Paramount Pictures
tt1915581,2,110.0,,39127170,113709992,20,0,0,0,0,1,0,1,0,0,0,0,0,0,0,0,0,0,0,0,0,0,1,0,0,0,0,0,1,0,0,0,2229,2217,12,co0026840,Warner Bros.
tt1922777,2,110.0,,18007634,48056940,11,0,0,0,0,0,0,0,0,0,0,0,1,1,0,0,0,0,0,1,0,0,1,1,0,0,0,0,1,1,0,1,2243,2232,11,co0046206,Summit Entertainment
tt1931533,2,110.0,15000000.0,4174915,14989761,20,0,0,0,0,1,1,0,0,0,0,0,0,0,0,0,0,0,0,0,0,0,0,1,0,0,0,0,1,0,0,1,2241,2232,9,co0047306,CBS Films
tt1954352,1,105.0,,251041,1830475,0,0,0,0,0,0,0,1,0,0,0,0,0,0,0,0,0,0,1,0,0,0,1,0,0,0,0,0,1,0,0,0,2219,2211,8,co0010224,20th Century Fox Home Entertainment
tt1980986,4,145.0,450000000.0,847132,1503059,5,0,0,0,0,1,0,0,0,0,0,0,0,0,0,0,1,0,0,0,0,0,0,0,0,0,1,0,0,0,1,0,2207,2205,2,,>EROS&nbsp;
tt1981677,1,112.0,17000000.0,5149433,64998368,26,0,0,0,0,1,0,0,0,0,0,0,0,0,0,1,1,0,0,0,0,0,1,0,0,0,0,0,1,0,0,0,2249,2230,19,co0005073,Universal Pictures
tt1985017,1,111.0,10000000.0,1746025,3333823,3,0,0,0,0,0,0,1,0,0,0,0,0,1,0,0,0,1,0,0,0,0,1,0,0,0,0,0,1,0,0,0,2238,2232,6,co0010224,20th Century Fox Home Entertainment
tt1990314,1,89.0,2500000.0,35539,3325638,9,0,0,0,0,1,1,1,0,0,0,0,0,0,0,0,0,0,0,0,0,0,1,0,0,0,0,0,1,0,0,0,2246,2224,22,co0222021,Stage 6 Films
tt1991245,2,86.0,,7955307,18112929,0,0,0,0,0,0,0,0,0,0,0,0,1,0,0,0,0,0,0,1,0,0,1,0,0,0,0,0,1,0,0,0,2219,2212,7,co0026840,Warner Bros.
tt1996264,2,85.0,850000.0,143935,1243961,0,0,0,0,0,1,0,0,0,0,0,0,0,0,0,0,0,0,0,0,0,0,1,0,0,0,0,0,1,0,0,0,2231,2226,5,co0042399,Focus Features
tt1996346,1,101.0,,641542,1082299,0,0,0,0,0,0,0,1,0,0,0,0,0,0,0,0,0,0,0,0,0,0,1,0,0,0,0,0,1,0,0,0,2208,2206,2,,>CODEBLACK&nbsp;
tt2008513,4,95.0,,48024,894471,15,0,0,0,0,0,0,0,1,0,0,0,0,0,0,0,0,0,0,0,0,0,1,0,0,0,0,0,1,0,0,0,2216,2209,7,co0284618,Sundance Selects
tt2011971,1,94.0,,112190,2009041,75,0,0,0,0,1,0,1,0,0,0,0,0,0,0,0,0,0,0,0,0,0,0,0,0,1,0,0,1,1,0,1,2231,2206,25,co0235025,Music Box Films
tt2016894,4,132.0,,1139340,1484404,0,1,0,0,0,0,0,0,0,0,0,0,0,0,0,0,1,0,0,1,0,0,0,0,0,0,1,0,1,0,1,0,2224,2224,0,,>RASH RAJ FILMS&nbsp;
tt2023453,3,94.0,22000000.0,14623599,49002815,12,0,0,0,0,1,0,0,0,0,1,0,0,0,0,0,0,0,0,0,0,0,1,0,0,1,0,0,1,0,0,0,2241,2222,19,co0010224,20th Century Fox Home Entertainment
tt2053352,1,86.0,,63700,1004821,2,0,0,0,1,0,0,0,1,0,0,0,0,0,0,0,0,0,0,0,0,0,1,0,0,0,0,0,1,1,0,1,2248,2229,19,co0058013,Samuel Goldwyn Films
tt2053425,2,120.0,15000000.0,27154,2061449,86,0,0,0,0,0,0,1,0,0,0,0,0,0,0,0,1,0,0,0,0,0,0,0,1,0,0,1,1,1,0,0,2256,2238,18,co0014453,Sony Pictures Classics
tt2073016,1,105.0,,125691,1160773,4,0,0,0,0,0,0,1,0,0,0,0,0,0,0,0,0,0,0,0,0,0,0,0,1,0,0,0,1,1,0,1,2243,2234,9,co0243890,Cohen Media Group
tt2073128,5,40.0,,270228,13598884,0,0,0,0,0,0,0,0,1,0,0,0,0,0,0,0,0,0,0,0,0,0,1,0,0,0,0,0,1,0,0,0,2287,2207,80,co0057495,IMAX
tt2077851,1,81.0,,322677,2263436,8,0,0,0,0,1,0,0,0,0,0,0,0,0,0,0,0,0,0,0,0,0,1,0,0,0,0,0,1,0,0,0,2237,2225,12,co0015762,IFC Films
tt2082197,4,151.0,300000000.0,1061713,2804874,56,0,0,0,0,1,0,1,0,0,0,0,0,0,0,0,1,0,0,0,0,0,0,0,0,0,1,0,0,0,1,0,2234,2228,6,,>UTV&nbsp;
tt2083383,1,111.0,,12162040,35754555,4,0,0,0,0,0,0,1,0,0,0,0,0,0,0,0,0,0,1,0,0,0,1,0,0,0,0,0,1,0,0,0,2240,2229,11,co0026840,Warner Bros.
tt2091473,2,106.0,15000000.0,173915,7556708,9,0,0,0,0,0,0,1,0,0,0,0,0,0,0,0,0,0,0,0,0,0,1,0,0,0,0,1,1,0,0,0,2246,2243,3,co0042399,Focus Features
tt2097307,2,100.0,,4675026,13746550,0,1,0,0,0,1,0,0,0,0,0,0,0,0,0,0,1,0,0,0,0,0,1,0,0,0,0,0,1,0,0,0,2231,2225,6,co0342335,Open Road Films (II)
tt2109184,2,88.0,,29003866,53884821,4,0,0,0,0,0,0,0,0,0,0,0,1,0,0,0,0,0,0,0,0,0,1,0,0,0,0,0,1,0,0,0,2243,2233,10,co0023400,Paramount Pictures
tt2112131,4,120.0,450000000.0,1019213,2474674,4,1,0,0,0,1,0,1,0,0,0,0,0,0,0,0,0,0,0,0,0,0,0,0,0,0,1,0,0,0,1,0,2244,2242,2,,>EROS&nbsp;
tt2125435,1,93.0,1800000.0,169702,12784397,226,0,0,0,0,0,0,1,0,1,0,0,0,0,0,0,0,0,0,0,0,0,1,0,0,0,0,0,1,0,0,0,2254,2217,37,co0028932,Fox Searchlight Pictures
tt2125608,1,86.0,,27459,3695904,93,0,0,0,1,0,0,0,1,0,0,0,0,0,0,1,0,0,0,0,0,0,0,1,0,0,0,1,1,0,0,0,2276,2221,55,co0014453,Sony Pictures Classics
tt2125666,3,100.0,,51326,2401652,29,0,0,0,0,0,0,0,1,0,0,0,0,0,0,0,0,0,0,0,0,0,1,1,0,0,0,1,1,0,0,0,2237,2220,17,co0134717,Magnolia Pictures
tt2168910,4,146.0,,647956,1027121,34,0,0,0,0,1,0,1,0,0,0,0,0,0,0,0,1,0,0,0,0,0,0,1,0,0,1,0,0,0,1,0,2220,2219,1,,>EROS&nbsp;
tt2176013,4,176.0,7200000.0,1283585,3047539,25,0,0,0,0,0,0,1,0,0,0,0,0,0,0,0,1,0,0,0,0,0,0,0,0,0,1,0,0,0,1,0,2238,2237,1,,>YASH RAJ FILMS&nbsp;
tt2181931,4,134.0,,745414,1670773,14,0,0,0,0,1,0,1,0,0,1,0,0,0,0,0,0,0,0,0,0,0,0,0,0,0,1,0,1,1,1,1,2233,2231,2,,>EROS&nbsp;
tt2215285,1,114.0,20000000.0,25390575,65623128,5,0,0,0,0,1,1,1,0,0,0,0,0,0,0,0,0,0,0,0,0,0,1,0,0,0,0,0,1,0,0,0,2228,2217,11,co0173285,Lionsgate
tt2215719,3,93.0,12000000.0,7138266,25240988,0,0,0,0,0,0,0,0,1,0,0,0,0,0,0,1,0,0,0,0,0,0,1,0,0,0,0,0,1,0,0,1,2224,2218,6,co0023400,Paramount Pictures
tt2247692,3,87.0,2500000.0,31610,33349949,0,0,0,0,0,0,0,0,1,0,0,0,0,0,0,0,0,0,0,0,0,0,1,0,0,0,0,0,1,0,0,0,2231,2219,12,co0191426,Rocky Mountain Pictures
tt2359137,3,101.0,,1585994,3310439,0,0,0,0,0,0,0,1,0,0,0,0,0,0,0,0,0,0,0,0,0,0,1,0,0,0,0,0,1,0,0,0,2231,2228,3,co0191426,Rocky Mountain Pictures
