imdb_id,gross,release_time,duration,out_week,first_pub_before_release_week,last_pub_after_out_week,first_pub_before_release,last_pub_after_out,average_post_t1,average_post_t2,average_post_t3,average_post_t4,average_post_t5,average_post_t6,average_post_t7,video_t1,video_t2,video_t3,status_t1,status_t2,status_t3,offer,swf,photo_t1,photo_t2,photo_t3,link_t1,link_t2,link_t3,question_t1,question_t2,question_t3,na_t1,na_t2,na_t3,wall_post,created_note,created_event,added_video_t1,added_video_t2,added_video_t3,mobile_status_update_t1,mobile_status_update_t2,mobile_status_update_t3,app_created_story_t1,app_created_story_t2,app_created_story_t3,added_photos_t1,added_photos_t2,added_photos_t3,shared_story_t1,shared_story_t2,shared_story_t3,avg_like_cnt_t1,avg_like_cnt_t2,avg_like_cnt_t3,avg_like_cnt,avg_com_cnt_t1,avg_com_cnt_t2,avg_com_cnt_t3,avg_com_cnt,avg_share_cnt_t1,avg_share_cnt_t2,avg_share_cnt_t3,avg_share_cnt,avg_star_rating,avg_sen_score,avg_sen_score_2,avg_sen_score_3,pos_rate,neg_rate,review_cnt,feature_clusters
tt0383010,44000000,2206,18,2223,2096,2306,110,83,3.190909091,5.75,12.5,7.888888889,3.75,9.75,8.048192771,36,19,7,52,18,81,0,0,151,83,578,182,21,56,3,1,0,14,9,83,1,0,0,11,17,0,43,11,22,4,0,0,148,81,447,203,24,170,574.549,943.725,643.544,2168.21,103.363,80.8239,97.1878,114.843,66.4434,185.007,91.0698,554.399,4.00343,12.78520325,15.80519481,0.629766667,0.911255411,0.088744589,462,1
tt0401729,73000000,2201,16,2216,2089,2218,112,2,0.75,4.25,9,2.5,0.5,0,0,15,6,1,17,1,0,0,7,37,22,1,59,8,0,4,1,0,4,3,0,0,0,0,1,0,0,17,1,0,13,5,0,30,14,1,72,17,1,246.423,1174.97,453.284,499.134,41.5401,142.15,64.3068,67.9497,43.8467,95.925,55.4545,60.4134,4.10633,11.01949054,13.75961538,0.624443109,0.895833333,0.104166667,625,0
tt0431021,49000000,2226,13,2238,2207,2305,19,67,2.210526316,6.25,6.75,1.384615385,2.75,5,0.194029851,7,1,3,2,0,0,0,1,63,17,39,16,0,1,6,0,0,10,1,5,0,1,0,1,0,0,2,0,0,0,0,1,61,16,33,19,1,5,687,4141.94,1242.26,1333.31,59.6702,229.833,87.0179,75.6603,131.117,422.222,177.902,146.237,3.77974,8.718999539,12.91705069,0.276197926,0.711981567,0.288018433,434,0
tt0443272,182000000,2236,25,2260,2223,2258,13,-2,0.846153846,7.75,9.25,8.04,0,0,0,7,34,0,21,19,0,0,0,25,85,0,23,63,0,3,0,0,3,0,0,0,0,0,2,2,0,21,19,0,0,0,0,24,84,0,29,96,0,1504.46,2976.26,2561,2561,179.456,231.841,217.061,217.061,422.025,374.915,388.207,388.207,4.56796,7.786906672,11.49736644,0.534485428,0.926761976,0.073238024,3988,2
tt0454876,125000000,2238,33,2270,2208,2304,30,34,1.233333333,5.25,7.5,3.939393939,0.5,0.25,0.147058824,9,9,0,10,1,0,0,0,46,105,8,23,15,0,0,0,0,4,5,0,0,0,0,2,0,0,10,1,0,0,0,0,42,97,6,30,27,2,2707.39,7055.85,5300.5,5332.88,117.477,295.238,223.482,222.925,590.091,961.638,811.656,806.142,4.40385,8.919923404,14.43465046,0.461820061,0.963525836,0.036474164,658,2
tt0485985,50000000,2194,21,2214,2171,2235,23,21,11.65217391,10.75,33.5,35.47619048,5,8.25,5.476190476,0,0,0,0,1,0,0,0,0,0,0,445,744,168,0,0,0,0,0,0,0,0,0,0,0,0,0,1,0,445,744,168,0,0,0,0,0,0,0.0337079,0.0955056,0.0723742,0.106775,0,0.0238764,0.0150044,0.0139912,0,0,0,0,4.61655,10.37109531,13.29025271,0.68106491,0.947292419,0.052707581,1387,2
tt0763831,18000000,2201,13,2213,2184,2257,17,44,0.117647059,0,2,1.076923077,2.75,0,0.068181818,6,4,0,2,2,0,0,0,1,5,13,1,3,1,0,0,0,0,3,0,0,0,0,3,2,0,2,0,0,0,0,0,1,4,13,4,5,1,89.8,189.167,139.714,268.132,23.6,20.8333,22.2857,28.5789,40.5,33.25,37.2857,40.2632,3.9037,21.71187054,28.57142857,0.543930357,0.901785714,0.098214286,112,1
tt0770802,2600000,2225,19,2243,2170,2299,55,56,1.181818182,3,9.25,7.157894737,1,0,0.25,9,6,2,16,14,2,0,0,22,21,7,67,95,7,0,0,0,32,49,2,0,0,0,0,2,0,16,13,2,13,3,0,16,15,5,37,54,9,56.896,85.5484,71.1647,101.269,8.08,10.6774,9.37349,10.7463,29.576,18.4355,24.0281,35.2799,4.41667,12.77857273,16.86363636,0.532713636,0.863636364,0.136363636,22,2
tt0790724,80000000,2242,14,2255,2218,2270,24,15,0.791666667,4.25,6.75,2.714285714,2,10,0.133333333,14,14,6,0,0,0,0,0,36,19,44,10,5,0,3,0,0,6,4,2,0,1,0,0,0,4,0,0,0,0,0,0,30,15,40,26,19,4,1877.57,1666.11,1798.01,1516.87,171.079,131.184,156.069,119.245,165.794,105.658,143.168,116.954,4.1895,7.098016936,10.73617021,0.51807166,0.920851064,0.079148936,1176,0
tt0837562,148000000,2230,22,2251,2208,2306,22,55,1.681818182,5.25,9.75,8.727272727,0,0.5,1.109090909,7,8,5,0,0,0,0,0,87,167,54,3,16,4,0,1,0,1,4,0,0,0,0,2,5,0,0,0,0,0,0,0,83,156,44,11,27,19,3889.3,7153.68,5931.5,7631.09,284.155,316.403,305.211,294.153,358.969,533.848,447.246,523.162,4.42999,10.23989214,13.44186047,0.687133921,0.974338412,0.025661588,1248,1
tt0848228,623000000,2209,23,2231,2171,2306,38,75,3.763157895,6.5,12.75,6.652173913,5.75,1.75,2.306666667,34,18,21,2,0,3,0,1,99,106,167,61,29,12,23,0,0,24,0,1,0,0,0,3,3,0,2,0,3,4,1,0,94,105,148,93,44,51,2399.4,16838,7990.43,10509.2,264.368,572.25,380.852,390.142,459.982,1268.19,783.117,889.682,4.85471,11.05618391,13.92647059,0.725226629,0.969683258,0.030316742,4421,0
tt0938330,18000000,2234,9,2242,2132,2306,102,64,7.235294118,5.75,13,5.555555556,0,3.5,2.59375,113,12,13,59,0,0,0,1,367,28,164,255,10,3,18,0,0,23,11,1,0,2,2,10,4,0,59,0,0,2,0,0,317,23,118,398,12,61,365.339,2365.26,481.21,915.846,26.8991,157.78,34.482,44.0163,73.3063,357.22,89.7555,123.674,3.18919,10.59634789,13.08450704,0.264208451,0.676056338,0.323943662,71,0
tt1024648,136000000,2232,29,2260,2196,2304,36,44,0.138888889,2.5,13,4.24137931,0,0,0.795454545,10,21,4,0,0,7,0,0,39,97,24,15,5,0,3,0,0,6,3,2,0,0,0,6,7,0,0,0,7,0,0,0,36,93,22,19,20,4,270.239,1612.07,1138.9,1164.98,24.6418,127.919,91.5,83.9511,42.2836,165.317,121.932,109.956,4.77719,7.21919736,12.12907957,0.4816652,0.954162083,0.045837917,2729,2
tt1047540,77000000,2243,22,2264,2208,2262,35,-2,2.542857143,8.5,19.5,3.636363636,0,0,0,35,2,0,2,3,0,0,0,89,49,0,71,26,0,4,0,0,5,4,0,0,0,0,0,0,0,2,3,0,0,0,0,83,43,0,111,30,0,193.881,170.363,187.185,187.185,12.3582,13.9375,12.8078,12.8078,14.199,21,16.1352,16.1352,4.40452,8.621580679,12.3772846,0.599767885,0.967362924,0.032637076,766,1
tt1071875,52000000,2198,13,2210,2168,2260,30,50,1.933333333,3.5,7.75,3.153846154,7.5,3.75,0.3,18,14,10,0,0,3,0,0,72,18,37,11,9,10,2,0,0,2,3,1,0,0,0,9,6,5,0,0,3,0,0,0,57,3,27,35,29,24,2302.2,2992.49,2486.31,3518.82,217.447,195.122,210.86,242.294,364.689,517.073,403.545,791.877,2.74016,4.417295333,6.916666667,0.224542667,0.686666667,0.313333333,301,0
tt1074638,304000000,2236,19,2254,2170,2306,66,52,5.121212121,28,27.25,13.68421053,7,3,14.44230769,78,19,7,257,127,286,0,3,188,103,496,33,9,2,0,2,0,68,39,49,0,1,0,3,0,7,200,92,250,3,0,0,177,102,483,108,27,1,3059.88,6059.59,4009.21,4212.93,155.113,202.602,167.975,166.167,351.769,331.379,345.946,288.178,4.42934,7.427431869,10.72791262,0.548362694,0.915776699,0.084223301,4120,0
tt1077368,80000000,2210,15,2224,2194,2298,16,74,0.125,3.5,6.25,2.8,3.25,6.25,0.175675676,7,11,4,0,0,3,0,0,18,14,39,16,17,5,0,0,0,1,2,1,0,0,0,0,1,0,0,0,3,0,0,1,16,11,35,24,28,11,3683.76,3876.44,3777.69,6042.69,462.146,301.641,383.9,348.955,996.902,634.282,820.125,780.769,3.52991,11.36194411,14.15579357,0.604717429,0.890944499,0.109055501,1028,1
tt1142977,35000000,2231,22,2252,2173,2302,58,50,1.017241379,4.5,11.75,5.727272727,1,1.5,0.44,15,13,0,2,1,2,0,5,58,110,29,44,2,1,0,0,0,2,5,1,0,0,0,1,0,0,2,1,2,23,0,0,49,104,28,47,16,1,3131.48,8700.63,5970.18,6284.21,76.5564,250.88,165.361,155.649,454.121,653.848,561.516,570.365,3.91554,9.785018596,12.43508772,0.533624211,0.873684211,0.126315789,285,1
tt1183919,1400000,2207,18,2224,2198,2242,9,18,0.333333333,4.5,5,5.055555556,5.75,4.5,0.222222222,5,3,0,0,3,0,0,0,35,85,45,1,0,0,0,0,0,1,0,0,0,0,0,0,0,0,0,3,0,0,0,0,34,83,45,6,5,0,1152.29,4114.64,2922.24,4440.27,110.78,147.157,132.231,168.565,349.976,1452.29,1062.88,1344.54,4.95,25.00753846,27.53846154,0.772576923,0.923076923,0.076923077,13,2
tt1195478,29000000,2208,8,2215,2188,2304,20,89,0.55,2.75,7.75,3.75,0.75,0.75,0.348314607,11,5,10,0,1,1,0,1,8,7,20,33,17,6,0,0,0,2,1,1,0,1,0,4,2,1,0,0,1,5,0,0,6,7,19,36,20,14,86.0377,172.267,117.205,174.342,8.86792,10.7667,9.55422,10.8917,33.6226,14.0333,26.5422,24.4083,3.51707,16.87445842,19.76237624,0.606958416,0.876237624,0.123762376,202,1
tt1217209,237000000,2216,31,2246,2125,2306,91,60,0.516483516,5.5,7.5,2.741935484,3.75,2.25,0.666666667,20,4,4,1,0,2,0,2,59,68,48,16,12,10,1,1,0,2,3,2,0,0,1,5,2,1,1,0,2,8,3,0,57,65,45,25,12,14,1273.88,9690.64,4966.53,7093.86,72.6566,473.157,254.95,261.177,233.071,886.747,530.084,598.544,4.42803,11.91842368,14.38877481,0.709003901,0.939767283,0.060232717,1464,0
tt1222815,29000000,2207,16,2222,2155,2228,52,6,0.115384615,2.25,4.25,2.3125,3.75,0.25,0,8,5,0,0,0,0,0,3,9,20,9,15,11,5,0,0,0,1,3,1,0,0,0,0,1,0,0,0,0,5,5,5,7,16,7,19,12,3,88.625,177.216,128.313,139.271,8.34375,20,14.2239,14.3529,39,77.7297,56.2836,53.2941,4.29737,16.01256741,20.31962025,0.65633038,0.949367089,0.050632911,317,2
tt1226240,1600000,2235,20,2254,2229,2301,6,47,0,2.25,9,5.3,0,0,0.021276596,5,8,0,23,48,1,0,0,5,10,0,12,40,0,0,0,0,1,0,0,0,1,0,2,3,0,23,48,1,0,0,0,1,9,0,18,45,0,46.4889,57.8208,54.4437,55.0526,9.95556,6.20755,7.3245,7.32895,9.33333,5.27358,6.48344,6.44079,4.54545,10.08282727,15.63636364,0.363945455,0.909090909,0.090909091,11,2
tt1232200,37000000,2215,7,2221,2198,2297,17,76,2.235294118,8.25,9.75,2.571428571,0.75,3.25,0.789473684,24,2,11,9,0,0,0,2,58,13,47,11,3,18,6,0,0,12,0,1,0,0,0,6,0,6,9,0,0,2,0,0,42,13,45,39,5,24,268.945,2563.24,555.651,1558.39,28.6364,138.588,38.9921,70.7843,49.8091,77.0588,53.2937,63.7059,3.31698,7.440050233,10.57209302,0.371753953,0.772093023,0.227906977,215,1
tt1232829,138000000,2202,16,2217,2182,2303,20,86,0.4,7.25,14.25,6.125,1.5,0,0.976744186,31,20,7,0,3,1,0,1,32,42,78,27,32,4,3,1,0,4,2,1,0,0,0,14,10,3,0,3,1,4,0,0,30,40,62,42,43,23,194.628,2520.77,891.858,4126.73,25.734,112.847,49.108,163.11,55.7234,89.6939,61.3636,1044.1,4.40233,13.30694194,16.76671035,0.657377851,0.933158585,0.066841415,763,1
tt1234719,45000000,2238,14,2251,2221,2255,17,4,1.882352941,5.75,18,4,6,0,0,9,8,5,10,3,2,0,0,66,29,15,42,14,1,0,2,1,8,6,1,0,0,0,0,0,0,10,3,2,0,0,0,51,25,15,58,22,6,1055.99,1164.16,1046.68,1081.52,146.74,67.8824,126.643,114.406,83.8819,81.2745,78.2749,83.2512,3.78748,6.092955378,9.229083665,0.426776892,0.846613546,0.153386454,503,0
tt1258972,16000000,2235,8,2242,2144,2304,91,62,0.296703297,6.25,16,3.25,1.75,4,0.209677419,21,4,6,3,0,1,0,0,60,8,25,32,14,4,0,0,0,14,2,1,0,1,0,0,0,0,1,0,0,0,0,0,50,6,25,51,17,10,990.75,1378.79,1057.27,1005.8,86.5776,80.5417,85.5429,76.5281,163.638,105.542,153.679,137.056,3.26923,4.946963019,7.226415094,0.250223019,0.698113208,0.301886792,265,0
tt1259521,42000000,2206,13,2218,2068,2306,138,88,0.137681159,6.25,9.5,3.923076923,2.25,6.5,0.863636364,19,17,15,6,1,1,0,1,24,31,89,22,2,5,11,0,0,20,22,5,0,0,1,2,4,4,0,0,0,0,0,1,20,10,83,39,15,18,82.9146,494.118,216.085,678.676,16.0976,59.9216,31.5615,170.934,21.4268,57.9608,33.2154,68.8443,3.52331,3.472923292,5.22591944,0.17459282,0.630472855,0.369527145,573,0
tt1276104,66000000,2230,15,2244,2203,2303,27,59,2.518518519,4.5,9,7.666666667,1.75,0.5,0.13559322,8,13,3,2,0,0,0,0,88,88,9,24,14,5,0,0,0,4,3,0,0,0,0,3,8,1,2,0,0,0,0,0,82,84,7,31,20,9,989.557,2506.51,1664.35,1639.21,33.9754,88.2887,54.3366,56.0315,58.7049,103.536,80.9561,77.0748,4.07326,7.121705556,10.23258004,0.457066761,0.86252354,0.13747646,1067,0
tt1276419,1500000,2236,26,2261,2204,2298,32,37,0.25,1.75,4,3.730769231,0.5,1,0.135135135,0,4,1,0,36,4,0,0,19,34,1,12,23,5,0,0,0,2,1,0,0,0,0,0,0,0,0,36,4,0,1,0,13,29,1,16,30,6,31.8387,57.7423,51.4688,60.518,2.45161,3.07217,2.92188,3.45324,9.87097,4.14433,5.53125,6.22302,4.61111,10.30398889,13.11111111,0.6556,0.944444444,0.055555556,18,2
tt1277953,216000000,2214,20,2233,2121,2306,93,73,0.451612903,2.25,9.5,4.35,1.5,0.75,0.671232877,15,20,7,2,1,1,0,0,49,51,44,23,15,6,0,0,0,3,2,1,0,0,0,0,3,1,2,1,1,0,0,0,45,49,42,39,32,13,1699.75,5729.38,3510.79,5087.36,142.865,225.961,183.051,240.919,365.494,799.221,547.167,670.111,4.46567,14.05701554,17.63140496,0.735090248,0.980165289,0.019834711,606,1
tt1298649,34000000,2221,13,2233,2171,2238,50,5,0.16,1,2,3.923076923,5.25,1.5,0,5,8,2,2,2,0,0,0,7,37,24,6,3,0,0,1,1,2,2,3,0,0,0,2,0,0,0,2,0,0,0,0,7,35,22,9,12,2,164.35,166.354,165.765,264.337,18.3,19.2917,19,20.8469,63.8,24.5833,36.1176,32.602,3.14085,9.296870821,11.98784195,0.418440729,0.799392097,0.200607903,329,1
tt1307068,6600000,2216,3,2218,2196,2256,20,38,1.8,10.5,14.5,16,2,0.25,0.5,8,7,1,18,15,7,0,0,55,9,17,50,16,3,5,1,0,7,1,2,0,0,0,0,0,0,18,15,7,2,0,0,43,9,12,66,23,7,23.3897,98.6667,38.0828,68.1321,4.25735,19.5714,6.48521,11.6038,1.82353,12.1905,4.23077,6.90094,3.56552,9.919134426,12.82786885,0.531440984,0.852459016,0.147540984,122,1
tt1327194,60000000,2207,13,2219,2187,2305,20,86,0.8,2.25,20,3.923076923,3.75,5,0.558139535,36,18,10,8,0,7,0,1,31,24,60,27,9,5,3,0,0,6,1,1,0,0,0,3,1,0,5,0,7,0,0,1,23,17,53,68,32,21,1357.68,2610.22,1663.64,5968.51,93.6286,105.392,95.8645,165.967,134.067,222.294,157.168,495.649,4.34921,17.93219306,21.37152778,0.716788542,0.958333333,0.041666667,290,2
tt1336608,39000000,2215,10,2224,2163,2296,52,72,0.980769231,7.5,15.5,4.4,1.25,5.5,0.291666667,31,9,8,24,1,0,0,0,55,32,34,26,1,5,7,1,1,10,3,3,0,3,1,3,4,0,24,1,0,0,0,0,51,29,31,52,6,14,209.881,1217.23,446.904,850.983,30.2657,121.841,51.8128,64.7787,47.4196,170.273,76.3262,106.519,3.89045,10.84301875,12.71366279,0.689356105,0.912790698,0.087209302,689,1
tt1343727,13000000,2229,7,2235,2212,2281,17,46,2.470588235,5.25,10,3.571428571,0,3.75,0.52173913,7,2,1,1,0,0,0,0,62,19,38,27,4,0,6,0,0,7,0,2,0,0,0,1,2,0,1,0,0,0,0,0,61,19,35,33,4,2,573.204,2181.79,877.189,1164.41,73.3786,133.292,84.7008,103.826,99.6893,195.958,117.882,128.515,4.13333,10.81156496,14.66666667,0.475991453,0.846153846,0.153846154,117,0
tt1345836,448000000,2220,21,2240,2168,2292,52,52,0.423076923,5,9.75,4.476190476,2.25,0.75,0.615384615,12,8,5,2,2,4,0,0,46,69,32,21,14,3,0,1,0,4,10,0,0,1,0,5,3,0,2,2,4,0,0,0,43,52,29,26,27,11,10754.2,23632.8,17371.5,20088.7,589.074,863.532,735.03,756.237,2711.74,3112.61,2834.37,2793.4,4.64298,8.30016446,11.16396164,0.598859867,0.920693471,0.079306529,5429,0
tt1366365,3700000,2227,5,2231,2226,2295,1,64,0,0,0.25,2.2,0.5,1.25,0.890625,0,0,5,0,6,9,0,0,1,5,47,0,0,2,0,0,1,0,0,1,0,0,0,0,0,1,0,6,9,0,0,0,1,4,45,0,1,8,18,45.2,39.8889,31.4737,2,5.2,4.66667,3.77632,0,4.5,3.22222,1.97368,2.56627,4.375952439,7.536585366,0.160406098,0.634146341,0.365853659,82,0
tt1371111,27000000,2234,14,2247,2221,2304,13,57,0.846153846,4.5,11.5,4.214285714,0.75,0,0.701754386,15,9,11,0,0,0,0,0,49,48,31,9,1,1,2,1,0,8,6,2,0,0,0,11,7,0,0,0,0,0,0,0,41,44,29,15,2,12,912.36,1860.37,1329.77,1705.62,57.48,136.407,92.2313,99.1977,304.44,288.271,297.321,320.384,3.60151,7.883040707,10.27617801,0.454358639,0.812827225,0.187172775,766,2
tt1386703,59000000,2222,11,2232,2167,2303,55,71,0.181818182,4.75,7.75,3.181818182,5.25,8.25,0.549295775,9,4,10,2,0,0,0,0,36,29,64,13,2,19,0,0,0,6,3,1,0,0,0,2,2,6,0,0,0,0,0,0,31,26,61,21,4,25,1421.87,3672.21,2235.82,1712.37,110.667,166.941,131.021,88.984,214.967,243.912,225.436,160.846,3.52103,9.443799027,11.94890511,0.514779075,0.851581509,0.148418491,822,0
tt1392170,408000000,2203,25,2227,2124,2306,79,79,2.430379747,3.25,6,6.48,4.25,4.75,7.53164557,15,19,52,10,0,15,0,0,92,129,536,112,6,26,0,8,2,0,10,8,0,2,1,1,3,26,10,0,15,0,0,0,89,114,503,127,34,79,4509.54,20859.6,10589.3,30306.6,401.865,1200.29,696.853,846.384,475.354,1292.15,771.885,1823.05,4.39577,8.847864064,11.28480204,0.593250208,0.882662835,0.117337165,6265,2
tt1397280,140000000,2231,21,2251,2163,2306,68,55,0.367647059,3.75,6.75,2.666666667,0,0.5,0.145454545,13,17,4,2,3,0,0,0,27,9,6,25,27,0,0,0,0,9,1,0,0,0,0,0,0,0,2,3,0,0,0,0,16,7,4,40,45,6,4996.78,4660.11,4843.5,5822.29,346.94,181.643,271.683,299.06,366.179,484.768,420.171,442.293,4.04242,7.669574299,11.38831065,0.490883827,0.899919936,0.100080064,1249,0
tt1397514,104000000,2197,20,2216,2184,2294,13,78,0.384615385,2.5,12.5,2.95,0.25,0,0.141025641,11,17,1,1,1,1,0,0,46,28,9,7,12,1,0,1,0,0,7,0,0,0,0,0,0,0,1,1,1,0,1,0,42,17,7,22,33,4,192.662,768.136,437.854,565.426,23,62.5932,39.9837,46.2279,28.1538,70.7119,46.8293,51.9559,4.14583,18.0919397,22.09737828,0.708787266,0.962546816,0.037453184,267,1
tt1405365,3100000,2222,20,2241,2202,2290,20,49,0.05,0.5,2.75,2.1,2.5,10.25,0.244897959,1,8,3,0,2,0,0,0,2,13,50,10,19,10,1,0,0,2,0,0,0,0,0,0,1,2,0,2,0,0,0,0,1,13,47,11,26,14,18,89.8293,68.5185,131.429,0.5,5.68293,4.07407,6.01681,2,10.8049,8.42593,6.91597,3.91667,12.70997429,19.17142857,0.564928571,0.971428571,0.028571429,35,1
tt1409024,179000000,2212,17,2228,2189,2291,23,63,0.434782609,1,25.75,1.823529412,4,14.25,1.015873016,6,1,9,60,14,37,0,0,22,5,44,29,11,43,0,0,4,4,1,5,0,2,0,3,1,2,60,14,37,0,4,0,17,3,38,31,8,55,17.2479,92.7419,33.0608,73.2211,3.94872,20.8065,7.47973,11.9684,2.71795,2.58065,2.68919,2.62456,4.21626,12.73919781,15.76642336,0.689885949,0.954379562,0.045620438,548,1
tt1412386,46000000,2209,26,2234,2193,2299,16,65,3.375,3.75,1,1.653846154,0,0,0.046153846,3,1,1,18,5,0,0,0,7,27,1,42,8,1,3,2,0,4,2,0,0,0,0,1,0,0,18,5,0,0,4,0,6,24,1,44,8,2,46.6164,398.279,176.974,177.05,16.3836,68.093,35.5517,35.0756,11.1233,57.2558,28.2241,27.7731,4.60656,14.95166497,17.91780822,0.772683366,0.974559687,0.025440313,512,1
tt1417075,1000000,2197,15,2211,2179,2200,18,-11,0.388888889,2,0.75,0.6,0,0,0,1,0,0,0,0,0,0,0,7,0,0,10,9,0,0,0,0,0,0,0,0,0,0,1,0,0,0,0,0,0,0,0,7,0,0,10,9,0,10.2778,17.3333,12.6296,12.6296,1.33333,3,1.88889,1.88889,4.16667,1.33333,3.22222,3.22222,4.6,0.8414,-0.375,0.064025,0.5,0.5,8,2
tt1430615,20000000,2196,10,2205,2177,2303,19,98,0.789473684,1.75,5,2.2,1,1.5,0.265306122,7,4,4,4,0,3,0,2,12,6,20,9,8,9,10,2,0,10,2,2,0,1,0,5,2,0,4,0,3,1,4,0,11,6,17,11,8,13,342.667,396.909,361.312,345.69,40.4048,39.5,40.0938,31.27,71.6667,45.6818,62.7344,57.19,4.31455,16.9376288,20.85869565,0.659720109,0.940217391,0.059782609,184,2
tt1430626,31000000,2208,15,2222,2167,2302,41,80,0.12195122,5,9,2.2,10.75,2,0.225,11,7,6,1,4,0,0,0,28,17,43,18,4,19,3,1,1,4,2,1,0,0,0,8,3,4,1,4,0,0,0,0,22,12,35,26,12,29,39.3279,68.2727,47.4253,65.2699,6.5082,9.72727,7.96552,6.42331,9.34426,7.24242,8.65517,8.87117,3.45882,25.75672564,29.52564103,0.653432051,0.884615385,0.115384615,78,1
tt1433822,4900000,2225,8,2232,2212,2287,13,55,0.230769231,0,10.75,8.875,1.75,2.75,0.109090909,7,11,5,3,1,1,0,0,22,52,18,10,3,0,4,4,0,5,4,2,0,0,0,1,3,0,3,1,1,0,0,0,21,52,10,16,11,11,397.457,622.254,533.872,503.22,100.913,55.3803,73.2821,65.1489,192.739,60.5493,112.521,98.4184,2.00943,-2.67730404,-2.939393939,-0.099012121,0.454545455,0.545454545,99,0
tt1435513,1800000,2211,20,2230,2122,2289,89,59,5.08988764,4,9,6.45,1.25,0,0.338983051,13,6,0,182,21,3,0,0,76,30,3,232,72,19,2,0,0,4,0,0,0,0,0,1,1,0,182,21,3,1,1,0,75,28,3,242,78,19,11.0713,39.0394,15.8744,17.7011,2.94455,4.90551,3.31811,3.41426,2.61782,4.56693,2.88581,3.00759,4.36667,11.33652609,14,0.516691304,0.826086957,0.173913043,23,1
tt1440129,65000000,2211,12,2222,2170,2303,41,81,0.658536585,5.75,8,2.333333333,4.75,1,0.197530864,30,10,8,0,0,1,0,0,35,13,21,17,5,9,0,0,0,1,1,0,0,1,0,3,0,2,0,0,1,0,0,0,30,11,20,48,15,16,794.744,1999.88,1060.98,1248.54,69.6463,102.48,76.5146,81.1611,168.817,198.12,175.612,163.591,4.04199,10.95114118,13.54981993,0.612853782,0.890756303,0.109243697,833,0
tt1441952,9000000,2201,14,2214,2176,2295,25,81,1.08,0.25,5.5,4.071428571,3.25,9.75,0.197530864,8,10,12,2,1,3,0,0,5,12,28,35,34,24,0,0,1,0,6,3,0,0,0,2,1,2,2,1,3,0,0,0,5,9,25,41,40,35,7.7,52.5965,31.6168,74.0286,0.32,5.49123,3.07477,6.77714,2.14,4.73684,3.52336,6.19429,4.27778,26.94538864,30.40909091,0.784868182,0.965909091,0.034090909,88,1
tt1445520,2000000,2201,18,2218,2184,2241,17,23,0.176470588,2,1,0.388888889,0,0,0.086956522,1,0,0,0,0,0,0,0,7,1,1,7,6,1,0,0,0,0,1,0,0,0,0,1,0,0,0,0,0,0,0,0,7,0,1,7,6,1,0.8,3.71429,1.72727,2.45833,0.0666667,0.571429,0.227273,0.375,0.133333,0.714286,0.318182,0.291667,4.08333,22.09422222,28.66666667,0.649377778,0.888888889,0.111111111,9,1
tt1446192,103000000,2238,21,2258,2143,2296,95,38,0.494736842,5.25,17.75,6.238095238,0.25,0.5,0.684210526,27,8,0,4,3,0,1,0,92,107,29,15,12,0,1,0,0,4,7,0,0,0,0,0,1,0,4,3,0,0,0,0,89,101,29,42,19,0,3188.92,8271.95,5672.54,6556.52,109.554,320.397,212.178,234.572,227.64,502.298,362.041,369.244,4.59419,9.728292762,13.53558504,0.593027744,0.956574186,0.043425814,829,2
tt1446714,126000000,2214,16,2229,2168,2305,46,76,2.282608696,9.25,13,5.875,3,1,0.171052632,21,6,2,51,5,1,0,0,48,50,24,68,27,2,6,6,0,34,15,2,3,0,0,0,0,0,23,0,0,2,2,0,26,26,20,106,51,7,1094.6,2206.65,1365.37,1772.11,98.3196,181.136,115.993,145.101,189.974,199.58,183.504,210.94,3.42542,6.894589142,8.974452555,0.420508394,0.787408759,0.212591241,1096,0
tt1456635,4200000,2204,10,2213,2176,2306,28,93,2.428571429,29.75,26,20.3,14.5,7,0.935483871,30,5,23,41,29,21,0,126,59,66,117,93,44,10,0,1,2,25,28,10,2,0,0,4,0,0,16,8,13,109,86,0,53,56,101,83,24,49,92.0619,144.292,113.747,245.861,22.354,24.1846,23.7338,30.1784,12.3643,7.4718,10.7359,33.7616,4.21429,13.49846,17.8,0.5279,0.9,0.1,10,1
tt1462769,52000000,2224,23,2246,2171,2258,53,12,0.433962264,5.5,14.5,3.52173913,0,0,0.166666667,17,5,0,3,1,0,0,5,37,56,2,43,16,0,1,0,0,3,3,0,0,0,0,0,0,0,3,1,0,21,9,0,33,52,2,43,16,0,505.806,3990.62,2039.88,2020.63,30.4563,156.21,85.8152,84.9624,39.0388,152.988,89.2011,88.371,4.29386,13.43636403,17.26696833,0.627906335,0.943438914,0.056561086,442,1
tt1477855,6400000,2240,17,2256,2184,2273,56,17,0.357142857,7.5,7.75,5.352941176,1.25,0.25,0.058823529,3,5,0,25,32,0,0,0,31,26,7,21,27,0,1,1,0,4,2,1,0,0,0,0,1,0,25,32,0,0,0,0,24,22,5,28,34,1,60.2593,101.663,81.6213,83.4302,8.06173,10.8652,9.50296,9.52514,7.98765,14.7753,11.6095,11.6592,3.38298,9.713997849,13.87096774,0.463788172,0.870967742,0.129032258,93,1
tt1482459,214000000,2200,21,2220,2183,2241,17,21,0.235294118,0.25,1.5,3.857142857,8.25,0,1.095238095,1,12,8,1,3,2,0,0,1,29,28,8,37,17,0,0,1,0,2,2,0,0,0,0,6,2,1,3,2,0,0,0,0,18,14,10,52,36,3,28.4321,17.2949,94.5,0.0909091,5.03704,3.20513,14.5203,0.0909091,7.06173,5.65385,15.4189,4.15931,12.8998398,15.90452261,0.690345025,0.946733668,0.053266332,995,1
tt1496025,62000000,2194,8,2201,2167,2285,27,84,0.851851852,5.75,7.25,3.375,0.5,0.25,0.119047619,12,8,0,11,0,3,0,0,26,16,6,24,3,4,2,0,0,2,0,1,0,0,0,0,0,0,11,0,3,0,0,0,24,11,5,38,16,4,26.4267,77.7308,37.0909,65.7826,2.33333,9.80769,3.67677,6,5.01333,19.0385,7.81818,11.6783,4.27654,10.55940364,14.45364238,0.513140397,0.88410596,0.11589404,302,0
tt1506999,19000000,2194,10,2203,2168,2278,26,75,1.961538462,2.25,20.75,4.7,2.75,5.5,0.106666667,11,10,7,13,10,2,0,0,62,16,26,53,11,5,4,0,1,4,2,3,0,0,0,3,0,2,13,10,2,0,0,0,61,12,22,62,23,12,70.6294,240.356,111.255,132.1,12.5175,45.0889,20.3138,20.5584,6.70629,15.8222,8.8883,9.30303,2.68617,4.953538841,6.21888412,0.210954721,0.64806867,0.35193133,466,0
tt1520498,1100000,2226,4,2229,2200,2306,26,77,0.769230769,6.25,34.75,18.5,1,0.25,0.844155844,11,7,2,46,7,47,0,3,54,29,7,70,31,14,0,0,0,18,6,0,0,1,0,0,0,0,46,7,47,5,0,0,32,25,3,83,35,20,4.9837,12.5,6.93385,7.91159,1.91848,1.90541,1.68482,1.90854,0.173913,0.756757,0.284047,0.359756,3.90909,12.55948308,14.72307692,0.570955385,0.846153846,0.153846154,65,2
tt1524137,66000000,2193,10,2202,2178,2303,15,101,0.266666667,0.75,1.75,2.1,2.5,3.75,0.158415842,6,3,7,0,1,4,0,1,5,8,15,3,8,14,0,1,0,0,1,4,0,1,0,4,3,0,0,1,4,2,6,5,4,8,11,4,1,17,608.5,979.316,822,645.289,66.5,91.4737,80.8788,58.1184,160.571,68.6316,107.636,56.2368,4.152,8.892032939,12.86655405,0.534290034,0.913851351,0.086148649,593,0
tt1535438,64000000,2223,12,2234,2210,2294,13,60,0.615384615,4.25,9.75,4.083333333,7,7.5,0.183333333,10,2,4,0,0,0,0,0,54,46,47,0,1,18,0,0,0,0,2,0,0,0,0,7,0,3,0,0,0,0,0,0,54,44,47,3,3,19,3012.66,2647.36,2871.59,2262.78,308.984,240.614,282.159,195.989,646.938,272.864,497.28,332.659,4.14115,13.59138203,16.30540541,0.701832568,0.939189189,0.060810811,740,1
tt1540128,13000000,2240,12,2251,2222,2254,18,3,1.666666667,5.25,10,3.666666667,6.25,0,0,10,3,0,0,0,0,0,0,73,37,25,6,4,0,2,0,0,3,1,0,0,0,0,8,2,0,0,0,0,0,0,0,68,36,25,12,5,0,2733.88,5151.14,3333.92,3617.69,192.11,214.686,196.909,237.631,286.824,323.029,293.826,298.756,3.33058,9.226817241,13.13793103,0.396594828,0.853448276,0.146551724,116,1
tt1547234,20000000,2225,10,2234,2176,2260,49,26,0.326530612,5.5,8.75,2.6,3.25,12.75,0.269230769,9,5,10,5,0,0,0,0,42,9,44,16,11,17,1,1,0,5,1,1,0,0,0,1,0,9,5,0,0,0,0,0,38,9,43,24,16,18,215.219,815.6,372.281,423.3,24.9726,48.12,31.2396,27.3118,21.2603,47.36,28.125,24.4176,4.00775,11.3161963,16.3909465,0.543809877,0.913580247,0.086419753,243,0
tt1560747,16000000,2228,23,2250,2226,2300,2,50,0,0,1.25,0.826086957,1,1.25,0.14,5,5,3,0,0,2,0,0,0,12,10,0,2,1,0,0,0,0,1,0,0,0,0,0,0,0,0,0,2,0,0,0,0,6,8,5,12,6,3,33.4348,27.4815,76.9,0.2,3.21739,2.66667,4.725,2.6,5.65217,5.2963,7.525,2.27946,5.241484746,7.929121726,0.246172727,0.707241911,0.292758089,649,2
tt1560985,53000000,2192,12,2203,2180,2296,12,93,1.333333333,3.25,5.5,3.666666667,2.5,3,0.290322581,11,6,10,9,7,0,0,0,11,16,30,20,15,8,0,0,1,0,1,1,0,0,0,2,0,0,9,7,0,0,0,0,11,15,22,29,21,26,776.275,952.068,826.766,1076.1,119.059,219.205,161.723,148.375,115.667,78.2955,95.4468,95.0139,1.94556,-0.954650226,-1.330699774,-0.107405192,0.422121896,0.577878104,886,0
tt1566501,5700000,2213,12,2224,2202,2294,11,70,1.181818182,6.5,12.5,8.25,7,6.5,0.442857143,7,7,2,10,25,12,0,0,24,26,49,48,41,22,0,0,0,2,3,1,0,0,0,1,0,0,10,25,12,0,0,0,21,22,45,55,49,27,323.573,506.326,405.836,525.19,20.7079,43.6947,31.6393,41.652,112.27,87.3895,96.9344,98.1612,4.796,14.22680177,16.84513274,0.619102212,0.867256637,0.132743363,226,2
tt1568338,19000000,2195,6,2200,2177,2305,18,105,0.166666667,0.5,4,1.833333333,0.25,0.5,0.114285714,3,2,4,0,0,1,0,0,17,9,8,1,0,1,0,0,1,0,0,3,0,0,0,0,0,1,0,0,1,0,0,0,17,9,6,4,2,4,151.476,325.909,211.438,240.298,16.8571,48.1818,27.625,34.1277,16.5238,16,16.3438,18.9787,4.16422,10.44947006,14.34745763,0.594033051,0.937853107,0.062146893,354,0
tt1568921,19000000,2198,17,2214,2181,2299,17,85,0.117647059,2.25,5.25,2.294117647,0,0,0.117647059,7,13,0,3,0,0,0,3,12,12,10,9,12,0,0,0,0,0,1,0,0,0,0,2,3,0,3,0,0,7,9,0,11,9,10,9,17,0,210.562,404.487,314.7,676.926,32.3125,42.2308,36.7571,43.6543,19.875,32.1026,26.3286,65.9136,4.25246,12.49288046,14.87739464,0.674633716,0.927203065,0.072796935,261,2
tt1579361,780000,2236,9,2244,2196,2306,40,62,2.775,8,15,12.33333333,4,3.25,4.85483871,10,6,26,36,34,83,0,0,32,6,86,125,65,135,0,0,0,30,22,79,0,0,1,0,0,0,10,13,18,0,0,0,27,5,67,135,71,166,28.4816,121.231,31.8529,73.3354,2.65552,10.3846,2.94444,4.59783,12.495,27.6923,13.0163,25.3494,4.5625,5.794646667,13.66666667,0.259686667,0.933333333,0.066666667,15,2
tt1582507,32000000,2229,14,2242,2203,2305,26,63,3,14,24.5,6.642857143,8.25,0,0.031746032,44,25,3,4,0,0,0,4,141,61,23,27,5,6,12,2,3,19,8,6,0,0,0,6,13,0,4,0,0,8,0,0,132,54,20,63,18,9,533.496,926.584,642.483,859.992,34.3534,64.427,42.6916,47.3889,26.1293,34.236,28.3769,30.2639,3.52025,5.871648544,9.093851133,0.275121683,0.747572816,0.252427184,309,0
tt1586265,41000000,2211,12,2222,2185,2305,26,83,4.269230769,13.75,16.75,3.25,2.25,4.75,0.228915663,30,8,5,40,8,13,0,0,80,14,26,78,8,2,5,1,1,36,10,14,0,0,1,1,0,1,9,0,0,0,0,0,72,8,24,114,21,8,42.0386,160.641,59.0441,98.5266,6.74678,10.1795,7.23897,7.73041,9.07296,36.2564,12.9706,16.0846,3.63333,28.51828315,32.51685393,0.703565169,0.921348315,0.078651685,89,1
tt1588334,4200000,2202,10,2211,2194,2233,8,22,0,1.75,1.75,1.8,2.75,1.75,0.045454545,2,1,4,0,0,0,0,0,1,6,14,11,11,1,0,0,0,1,1,0,0,0,0,0,0,3,0,0,0,0,0,0,0,5,14,13,12,2,17.2143,45.1765,32.0345,74.7451,6,8.29412,7.44828,8.11765,7.21429,1.05882,4.10345,9.86275,3.91429,30.68098529,43.32352941,0.584229412,0.882352941,0.117647059,34,1
tt1591479,70000000,2199,16,2214,2179,2298,20,84,1.7,9.25,26,7.875,1.25,0,0.238095238,21,17,3,33,15,2,0,0,19,28,18,96,61,2,6,5,0,6,8,0,0,1,0,5,5,0,33,15,2,0,0,0,17,24,16,114,73,7,172.846,1016.22,428,756.558,19.8971,69.3445,38.4491,47.6288,28.8514,112.916,55.2526,83.9663,4.69689,10.80321605,13.56751653,0.623751653,0.904627007,0.095372993,1060,0
tt1592281,1200000,2217,14,2230,2192,2302,25,72,0.48,6.5,7.75,6.214285714,1,0.5,0.388888889,10,4,4,1,0,7,0,1,33,73,19,24,10,4,0,0,0,3,1,1,0,0,0,1,0,0,1,0,7,4,0,0,30,61,15,30,25,11,9.27536,46.7241,30.1603,40.1053,1.57971,7,4.60256,4.93158,0.594203,2.31034,1.55128,2.36316,2.92308,5.35792,12.1,0.22462,0.8,0.2,10,1
tt1592525,14000000,2206,7,2212,2190,2253,16,41,0.125,3,11.75,5.714285714,0.25,10,0.292682927,16,20,11,0,0,2,0,0,23,12,25,18,7,14,4,1,1,5,4,2,0,0,1,3,10,5,0,0,2,0,0,0,19,8,24,33,18,20,83.5246,137.25,104.68,171.922,12.3115,10.85,11.77,15.1169,18.5902,13.7,16.82,17.8571,3.35833,9.455312139,13.33526012,0.470643931,0.849710983,0.150289017,175,0
tt1596350,55000000,2198,18,2215,2180,2302,18,87,1.388888889,2,8.25,1.555555556,0.25,0.25,0.183908046,8,2,1,23,5,0,0,0,10,7,17,23,14,0,2,0,0,3,3,0,0,0,0,1,0,0,22,5,0,0,0,0,9,4,16,31,16,2,62.8636,231.148,95.2935,451.268,7.13636,35.6667,14.6413,41.4196,11.3788,23.4074,14.3587,27.7768,4.36024,12.06878971,14.40441176,0.720471029,0.958823529,0.041176471,680,1
tt1596365,54000000,2196,14,2209,2158,2306,38,97,2.868421053,6.25,22.75,6.5,10.25,1.5,0.422680412,33,23,32,41,2,8,0,0,29,29,23,116,36,25,6,1,0,6,2,0,0,0,0,5,0,0,41,2,8,0,1,0,27,26,18,146,60,62,359.378,1681.73,666.007,895.03,57.2,176.06,88.3137,87.8416,25.0267,113.381,48.9739,48.9554,3.90244,5.176061141,7.529891304,0.309082065,0.733695652,0.266304348,736,2
tt1598828,26000000,2195,17,2211,2175,2305,20,94,6.65,19.5,19.25,7,0.75,0.25,0.095744681,23,16,4,49,8,0,0,0,156,47,6,50,45,2,10,3,1,10,5,1,0,0,1,14,2,0,49,8,0,0,0,0,146,39,4,68,65,8,261.358,425.544,296.149,301.295,52.625,152.656,76.6267,73.2286,23.9826,34.4556,26.2107,25.2333,3.74,11.46807626,13.57344064,0.658804225,0.905432596,0.094567404,499,1
tt1599348,126000000,2197,15,2211,2183,2303,14,92,0.142857143,0.5,3.5,2.266666667,4.25,0.25,0.130434783,7,10,5,0,6,0,0,2,8,8,15,3,8,10,0,0,0,0,2,1,0,1,0,6,5,2,0,6,0,1,7,2,8,6,15,3,7,10,1753,881.387,1205.41,950.915,232,78.6452,140.565,94.8049,353.611,61.9032,176.891,117.28,4.30876,10.04863616,13.8563163,0.604071842,0.919961427,0.080038573,1037,0
tt1601913,52000000,2195,12,2206,2168,2303,27,97,1.666666667,10.75,18.75,5.916666667,3.5,2.5,0.237113402,16,6,15,27,7,4,0,0,22,7,15,93,45,13,5,6,0,5,7,0,0,1,1,2,0,0,27,7,4,1,5,2,16,4,15,112,46,26,86.4233,321.926,137.767,273.979,20.9693,66.5,33.5463,39.2456,8.93865,20.4559,11.2863,20.8612,3.23173,4.80378324,5.997750281,0.267355118,0.689538808,0.310461192,889,2
tt1602098,3000000,2195,17,2211,2162,2286,33,75,1.151515152,5.75,4,1.058823529,0,0,0.106666667,2,2,1,26,6,1,0,0,7,0,1,42,10,5,0,0,0,0,0,0,0,0,0,0,0,0,26,6,1,0,0,0,7,0,1,44,12,6,32.2208,89.1765,41.6129,41.8835,4.74026,14.2941,6.43011,6.38835,2.98701,15.8824,5.12903,5.20388,4.11364,15.654095,19.775,0.549435,0.9,0.1,40,2
tt1602620,6700000,2242,23,2264,2211,2284,31,20,1.64516129,5,1.25,1.652173913,0.5,0.5,0.05,7,1,0,3,7,0,0,0,8,3,1,58,27,4,0,0,0,1,0,0,0,0,0,1,0,0,3,7,0,0,0,0,2,2,1,69,29,4,27.7237,354.184,134.894,132.731,2.18421,16.7895,6.9646,6.78151,7.11842,36.1053,16.9292,16.2101,3.83495,5.431787255,12.14705882,0.178336275,0.862745098,0.137254902,102,2
tt1605630,57000000,2205,9,2213,2079,2314,126,101,0.682539683,3.5,15.25,3.444444444,4,3.75,0.346534653,29,3,9,25,2,2,0,6,57,9,34,42,14,18,6,1,1,18,3,1,0,2,1,18,0,2,14,1,2,13,2,3,56,8,33,40,16,25,3577.24,4509.39,3578.54,4478.82,361.205,274.286,342.652,352.333,342.54,367.714,333.754,363.298,4.51026,14.33543081,17.40810811,0.71300027,0.943243243,0.056756757,370,1
tt1606389,125000000,2197,15,2211,2144,2306,53,95,0.754716981,4.5,21,10.4,2.75,0.25,0.347368421,25,30,6,5,25,0,0,2,104,69,34,8,30,5,0,0,0,5,20,0,0,0,0,5,11,1,1,9,0,0,4,0,80,43,21,51,69,23,3261.45,4644.77,4008.25,5437.46,160.042,150.054,158.604,166.108,317.387,161.429,242.731,316.883,3.9959,11.34159298,13.54102259,0.64884887,0.912009512,0.087990488,841,2
tt1611224,38000000,2216,14,2229,2171,2235,45,6,3.022222222,12,14,5,7.75,3.25,0,13,12,1,61,8,9,0,0,108,27,28,58,21,4,0,2,2,61,9,13,1,0,1,0,0,0,32,2,0,0,0,0,73,25,26,72,34,5,444.675,590.688,469.363,519.802,37.0042,39.5625,37.69,37.2147,46.0417,89.5938,55.45,59.1497,3.96,11.5987793,14.31182796,0.558245699,0.857526882,0.142473118,372,0
tt1614989,1200000,2208,16,2223,2167,2285,41,62,0.048780488,0.5,1.25,2.5625,1,0.5,0.258064516,2,1,3,1,2,3,0,2,3,24,14,3,12,2,0,0,0,0,2,1,0,0,0,1,0,0,1,2,3,1,5,0,3,22,10,3,10,8,3.22222,8.34146,7.42,20.0417,0.222222,1.31707,1.12,2.41667,2.11111,0.804878,1.04,3.27778,4.46667,13.36789167,11.5,0.446708333,0.75,0.25,12,0
tt1615065,47000000,2218,10,2227,2205,2303,13,76,0.307692308,5,21.25,6.8,2.25,5,0.302631579,10,2,14,16,7,0,0,0,63,44,34,20,12,4,0,3,0,10,16,2,0,1,0,1,1,0,16,6,0,3,0,0,52,31,31,27,13,19,150.349,727.045,369.886,445.175,12.6147,75.9552,36.7273,35.1266,47.0183,99.5821,67.0284,62.8472,3.61212,8.684473502,11.50157729,0.357262145,0.750788644,0.249211356,317,2
tt1621045,92000000,2207,12,2218,2154,2305,53,87,1.660377358,7.25,7.25,3.166666667,4.5,11.75,0.24137931,49,15,14,31,5,2,0,0,42,12,45,20,6,25,4,0,0,11,1,3,0,0,0,5,1,9,25,5,0,0,0,0,38,10,41,67,21,33,478.479,3371.32,924.5,7339.86,36.4726,190.263,65.5165,294.237,129.096,218.026,146.467,646.996,4.83801,12.19747741,15.03208906,0.759902947,0.981008513,0.018991487,1528,1
tt1623288,56000000,2224,21,2244,2183,2306,41,62,1.195121951,2.5,5,3.333333333,2.75,5.5,0.193548387,9,4,5,12,15,8,0,2,38,29,17,16,21,15,3,0,0,3,2,0,0,0,0,0,0,2,12,15,8,4,10,0,35,21,11,25,22,24,172.051,536.882,340.816,383.727,13.7468,32.2206,22.2925,21.701,33.0127,44.0441,38.1156,44.8454,3.53186,9.382108081,13.40909091,0.401506566,0.803030303,0.196969697,396,1
tt1629757,6000000,2234,13,2246,2208,2294,26,48,0.5,4.75,12.5,3.153846154,1.75,5.25,0.041666667,8,6,2,7,0,0,0,0,42,15,24,25,20,4,0,0,0,1,0,4,0,0,0,0,0,0,7,0,0,0,0,0,39,13,21,35,28,5,106.524,172.024,128.358,247.804,9.13415,10.2195,9.49593,13.2157,26.6951,36.7561,30.0488,48.8366,4.63964,22.06780385,26.14423077,0.692336538,0.961538462,0.038461538,104,2
tt1636826,55000000,2200,12,2211,2183,2292,17,81,0.176470588,2.25,14.25,3.833333333,5.25,3.25,0.074074074,25,16,6,11,4,0,0,0,13,15,27,20,11,6,0,0,1,7,7,3,0,0,2,0,0,1,4,1,0,0,0,0,13,10,22,44,27,14,242.913,903.136,478.83,1487.98,33.8261,99.5682,58.2857,113.477,42.6087,81.5455,56.0982,124.019,4.357,10.81321771,14.55208333,0.495426563,0.877604167,0.122395833,384,1
tt1637725,219000000,2217,18,2234,2192,2304,25,70,1.08,3.25,5.5,2.5,3.25,7.25,0.185714286,7,1,1,6,1,4,0,0,36,42,47,13,0,3,0,1,0,5,2,5,0,0,0,0,0,0,5,0,1,0,0,0,31,42,44,21,1,5,10824.5,56723.2,29422.1,32777.6,317.984,1289.23,715.625,736.012,1987.44,7441.67,4226.46,4291.43,4.21185,11.31274916,14.48861132,0.603318589,0.901542983,0.098457017,1362,1
tt1645170,60000000,2211,11,2221,2164,2198,47,-23,1.276595745,0,0,0,0,0,0,2,0,0,25,0,0,0,0,6,0,0,27,0,0,0,0,0,0,0,0,0,0,0,0,0,0,25,0,0,0,0,0,6,0,0,29,0,0,194.383,0,194.383,194.383,21.1667,0,21.1667,21.1667,44.8333,0,44.8333,44.8333,3.39643,13.27221066,17.09926471,0.459811029,0.827205882,0.172794118,272,1
tt1646987,84000000,2204,13,2216,2190,2297,14,81,0.357142857,1.5,5.75,3.076923077,4.25,0,0.148148148,9,12,3,0,0,2,0,1,18,20,23,5,5,1,2,2,0,7,8,1,0,0,0,0,0,1,0,0,2,0,1,0,13,13,15,14,18,10,477.235,1057.65,760.029,954.078,71.1765,185.45,122.956,156.301,139.294,250.575,197.397,366.932,3.67368,12.4051322,14.98870056,0.533235028,0.86440678,0.13559322,177,0
tt1648179,45000000,2232,20,2251,2217,2275,15,24,0.266666667,3.5,8.25,5.25,0,0,0.041666667,6,8,0,0,0,0,0,0,44,88,1,1,9,0,0,0,0,3,3,0,0,0,0,3,6,0,0,0,0,0,0,0,40,85,1,5,11,0,1926.49,2503.11,2359.63,2301.38,90.902,51.181,64.34,63.9108,148.392,80.8095,102.647,102.248,4.55787,11.21363234,14.82634731,0.654703992,0.974051896,0.025948104,501,1
tt1649419,19000000,2242,18,2259,2224,2305,18,46,0.055555556,0.25,3.75,3.444444444,0.5,0,0.065217391,2,8,1,0,0,0,0,0,13,53,2,2,1,2,0,0,0,1,1,0,0,0,0,2,8,0,0,0,0,0,0,0,12,52,2,2,1,3,203.647,971.419,806.203,791.833,11.2941,54.5968,45.2785,46.1905,54,102.597,92.1392,96.5357,4.54342,4.899088945,9.793969849,0.295742714,0.859296482,0.140703518,398,2
tt1655460,17000000,2199,7,2205,2183,2304,16,99,0.25,0,6,2.428571429,1,1.25,0.161616162,10,6,4,0,0,2,0,0,10,6,13,7,4,6,1,1,0,1,1,2,0,1,0,5,3,0,0,0,2,0,0,0,10,4,10,12,9,10,119.464,212.412,154.578,135.8,16.6071,21.4118,18.4222,15.3143,18.6429,21.1765,19.6,16,3.30154,8.97536,11.64,0.450628364,0.807272727,0.192727273,275,1
tt1656190,17000000,2208,8,2215,2171,2294,37,79,0.243243243,1.5,8.25,2.875,1,2.75,0.46835443,8,5,4,4,2,0,0,0,15,5,43,15,10,5,6,1,0,11,1,1,0,0,1,3,0,1,0,2,0,0,0,0,13,5,42,20,15,8,166.875,730.13,349.338,747.033,30.5417,70.3043,43.4225,48.1057,66.2083,74.2609,68.8169,83.813,4.20513,9.942647794,13.29411765,0.471358088,0.830882353,0.169117647,136,0
tt1659337,18000000,2229,21,2249,2156,2305,73,56,0.98630137,6.25,6,4.571428571,3,0.25,0.303571429,4,13,4,2,3,1,0,0,77,78,23,38,2,2,0,0,0,5,5,2,0,0,0,0,11,0,0,0,0,0,0,0,74,75,21,42,5,7,1357.21,7023.39,3553.07,4669.18,73.0992,126,93.3884,103.607,127.347,504.333,271.869,409.283,4.69837,13.41423324,18.29545455,0.591825284,0.960227273,0.039772727,352,2
tt1663143,9400000,2234,8,2241,2217,2287,17,46,0.470588235,4,7.25,5.125,1.75,3,0.456521739,10,7,2,2,0,0,0,0,23,27,38,15,6,0,3,1,0,8,4,1,0,0,0,2,0,0,2,0,0,0,0,0,13,20,36,28,17,3,2352.83,4761.41,3403.38,2711.99,87.1887,128.951,105.404,93.291,93.0189,50.3659,74.4149,57.7388,3.65753,12.06326479,15.36619718,0.50884507,0.85915493,0.14084507,71,1
tt1667889,161000000,2219,31,2249,2166,2301,53,52,1.509433962,11.25,18.75,2.580645161,0,0.25,0.25,25,9,4,28,4,0,0,0,83,44,6,50,21,4,14,2,0,17,4,1,0,0,0,10,1,1,28,4,0,0,0,0,78,40,5,67,31,7,1828.72,2754.26,2093.16,2072.56,82.655,96.65,86.6536,87.7211,300.25,452.15,343.65,342.779,4.24479,13.11978709,17.65636364,0.599465455,0.947272727,0.052727273,552,1
tt1673434,292000000,2237,17,2253,1988,2305,249,52,2.212851406,6.5,9.25,8.764705882,6.25,4.5,3.403846154,77,5,11,44,0,1,0,0,353,144,204,138,0,4,2,0,0,9,0,2,0,26,8,30,4,7,40,0,1,0,0,0,342,138,200,159,7,10,71757.9,224797,100116,106375,2811.53,3635.04,2970.04,2776.69,4832.87,12522.6,6226.51,6958.06,4.79914,8.255777544,10.95729239,0.658358883,0.946685276,0.053314724,7168,2
tt1675434,13000000,2212,41,2252,2207,2297,5,45,0,0.25,0.5,1.243902439,3.25,0.25,1.6,0,13,11,2,2,0,0,0,0,28,71,1,8,4,0,0,0,2,2,3,0,0,0,0,2,2,0,1,0,0,0,0,0,26,10,1,20,71,7.33333,41.3333,37.0833,914.729,7,7.57143,7.5,31.2286,0,16.7619,14.6667,88.6357,4.90431,12.94781526,16.42631579,0.746122632,0.984210526,0.015789474,190,1
tt1694020,37000000,2242,12,2253,2231,2287,11,34,0.454545455,3.25,8,3.416666667,2.75,5.5,0.411764706,16,13,3,0,0,0,0,0,27,22,43,6,6,1,1,0,0,3,6,1,0,1,0,0,0,2,0,0,0,0,0,0,20,16,41,26,19,3,962.76,1931.85,1393.47,1028.67,33.58,104.925,65.2889,51.2754,99.3,105.125,101.889,78.6884,3.70752,8.744548276,12.5862069,0.554762931,0.925287356,0.074712644,348,1
tt1700844,1100000,2203,22,2224,2294,2305,-91,81,0,0,0,0,0,0,0.024691358,0,0,0,0,0,0,0,0,0,0,2,0,0,0,0,0,0,0,0,1,0,0,0,0,0,0,0,0,0,0,0,0,0,0,1,0,0,0,0,0,0,353,0,0,0,21.5,0,0,0,16,2.74074,9.854253846,12.19230769,0.370453846,0.769230769,0.230769231,26,2
tt1702425,5900000,2202,10,2211,2188,2298,14,87,1,2.25,3.75,2.7,0,0,0.218390805,6,10,2,0,0,0,0,0,32,17,16,0,0,0,0,0,1,0,0,3,0,0,0,0,0,1,0,0,0,0,0,0,32,17,13,6,10,2,372.895,499.815,425.615,560.06,40.2632,38.3333,39.4615,42.7976,104.342,113.593,108.185,91.3095,3.52525,26.51352295,35.52459016,0.51625082,0.901639344,0.098360656,61,1
tt1706593,65000000,2196,19,2214,2181,2306,15,92,2.066666667,3.5,11.75,3.842105263,0.25,0.25,0.141304348,15,7,1,27,10,1,0,0,16,32,10,21,20,3,13,4,0,13,13,0,0,0,1,0,0,0,27,10,1,0,0,0,15,25,10,37,24,4,362.033,1130.52,691.385,801.133,144.37,313.696,216.938,221.067,44.3804,46.3333,45.2174,46.3556,3.52874,11.08688265,13.74939759,0.440770602,0.795180723,0.204819277,415,2
tt1707386,149000000,2243,15,2257,2198,2303,45,46,1.688888889,3.5,14.75,7.533333333,2.5,1.25,0.347826087,27,18,1,4,1,0,1,0,109,79,28,6,11,2,3,3,0,11,7,0,0,1,0,2,6,0,4,1,0,0,0,0,97,76,27,35,22,4,6739.59,15618.1,10661.3,9835.38,270.275,623.468,427.353,395.017,1213.19,1196.3,1226.24,1090.25,4.54254,7.91086717,11.09109357,0.564949831,0.925366404,0.074633596,4436,2
tt1710396,31000000,2193,11,2203,2121,2287,72,84,0.166666667,2.25,13,6.727272727,2.25,3.25,0.05952381,39,15,7,6,1,1,0,0,7,44,16,21,14,3,0,0,0,0,1,2,0,1,0,2,1,2,6,1,1,0,0,0,7,42,13,57,29,9,68.8904,165.851,117.701,199.764,12.0959,26.4324,19.3129,29.6322,13.4932,16.9189,15.2177,22.4138,4.44102,13.04729426,15.47131148,0.74167377,0.954918033,0.045081967,488,1
tt1712170,26000000,2233,12,2244,2222,2305,11,61,1,5.25,6.5,1.333333333,0.5,0.5,0.049180328,7,3,1,0,0,0,0,0,48,13,5,2,0,1,1,0,0,4,0,2,0,0,0,6,3,0,0,0,0,0,0,0,46,13,3,2,0,2,243.431,528.062,304.973,309.765,28.7414,51.0625,33.5676,34.1235,36.6552,59.0625,41.5,42.1481,4.01417,8.91758369,11.907743,0.529314827,0.871499176,0.128500824,607,0
tt1716777,12000000,2217,9,2225,2204,2240,13,15,2.769230769,13,18.5,7.444444444,2.25,3.5,0.066666667,19,5,8,31,3,0,0,0,25,20,11,85,39,5,2,0,0,5,4,2,0,0,0,4,1,0,31,3,0,0,0,0,18,15,9,104,44,13,38.8642,207.446,79.8584,479.866,4.31482,12.4308,6.34071,24.2213,14.1235,157.985,46.854,199.98,4.14286,16.56011695,19.89830508,0.604855085,0.898305085,0.101694915,118,2
tt1720616,7300000,2201,15,2215,2195,2305,6,90,0,0.5,2,2.066666667,5,2.75,0.144444444,2,3,7,1,0,0,0,0,2,0,31,4,28,3,1,0,3,1,0,5,0,0,0,1,0,1,1,0,0,0,0,0,2,0,29,5,31,9,5.5,5.32258,5.36585,30.6588,1.2,1.03226,1.07317,3.03529,6.9,1.6129,2.90244,3.41176,3.57407,17.06500114,19.78409091,0.577018182,0.852272727,0.147727273,88,1
tt1726669,220000,2221,3,2223,2206,2244,15,21,2.266666667,7.75,8.75,15.66666667,3.25,0,0.19047619,6,0,0,3,1,0,0,0,53,42,14,38,4,3,0,0,0,3,1,1,0,0,0,1,0,0,3,1,0,0,0,0,49,39,13,44,6,3,23.45,116.639,41.6066,62.6585,3.21,10.4167,4.31967,6.88415,15.36,27.2222,18.3197,19.9878,3.38776,4.005828261,3.956521739,0.193719565,0.608695652,0.391304348,46,0
tt1735898,155000000,2213,15,2227,2198,2258,15,31,2.2,4.5,12.75,5.066666667,8.5,0.5,0.161290323,34,15,1,2,0,1,0,0,29,20,30,33,39,9,4,2,0,10,3,0,0,1,0,7,2,1,2,0,1,2,0,0,22,16,30,59,54,9,2071.78,3080.82,2525.61,2477.72,85.3235,166.431,119.851,133.352,246.216,182.338,228.224,202.886,3.87052,9.748310808,12.1281337,0.607493036,0.885793872,0.114206128,1795,2
tt1742336,1600000,2215,11,2225,2197,2250,18,25,0.666666667,2.5,5.25,1.727272727,0.25,0.25,0.12,7,6,0,1,0,4,0,0,15,11,1,20,2,0,0,0,0,3,1,0,0,0,0,5,3,0,1,0,3,0,0,1,9,9,1,25,6,0,8.55814,21.6842,12.5806,17.0896,1.06977,3.52632,1.82258,2.13433,1.67442,7.42105,3.43548,3.89552,3.47368,10.11403077,14.07692308,0.214569231,0.692307692,0.307692308,13,1
tt1748122,46000000,2212,24,2235,2193,2302,19,67,1.894736842,6.25,11.75,6.375,2,1.25,0.567164179,10,36,1,18,5,2,0,0,22,60,34,56,50,14,2,2,0,2,5,1,0,2,0,0,3,0,18,5,2,0,0,0,14,49,13,74,89,35,45.7778,536.829,323.548,476.92,10.0926,23.5411,17.864,19.8301,9.53704,69.5685,43.892,51.3526,4.09545,14.57140287,17.0215311,0.617278469,0.892344498,0.107655502,418,1
tt1748227,6800000,2239,6,2244,2229,2278,10,34,1.2,11.75,10.5,6.166666667,0,0,0.294117647,14,6,2,16,0,2,0,0,44,21,5,27,10,1,0,0,0,2,5,1,0,0,0,4,1,0,16,0,2,0,0,0,40,16,4,39,15,3,404.238,555.892,444.899,450.642,33.3564,34.4595,33.6522,34.527,48.9703,67.5135,53.942,54.0946,4.07447,4.498182418,7.450549451,0.257521978,0.747252747,0.252747253,91,0
tt1753813,72000,2219,2,2220,2211,2252,8,32,0,3,7,7.5,2.75,0.5,0.65625,4,1,3,6,0,1,0,0,9,3,9,21,11,21,0,0,0,7,1,4,0,0,0,0,0,0,6,0,1,0,0,0,2,2,2,25,12,27,12.95,23.3333,12.95,17.2809,1.025,1.58333,1.025,1.55056,2.875,6.41667,2.875,2.73034,2.81818,9.577654545,14.63636364,0.293754545,0.727272727,0.272727273,11,2
tt1758610,525000,2229,2,2230,2147,2300,82,70,2.317073171,10,21.5,34,2.75,0,1.7,20,2,6,182,28,35,0,0,66,26,69,48,12,20,0,0,0,77,13,31,3,0,0,0,0,0,105,17,6,0,0,0,42,23,66,89,15,27,168.263,633.921,168.263,279.903,8.10127,28.8947,8.10127,13.3677,18.1835,68.3421,18.1835,35.5895,4.95556,18.72169659,21.36363636,0.836639773,1,0,88,2
tt1758830,68000000,2242,11,2252,2192,2304,50,52,0.2,4,14.25,4.727272727,5,0.25,0.538461538,14,11,11,1,0,2,0,0,45,30,24,23,11,8,0,0,4,4,2,5,0,1,0,0,0,2,0,0,1,0,0,0,40,28,23,39,21,18,847.711,1328.54,1037.31,792.114,17.1446,33.24,23.0615,20.6141,75.4458,66.74,73.0846,56.212,3.39428,5.151215767,8.447084233,0.379379698,0.842332613,0.157667387,926,1
tt1764183,7900000,2228,19,2246,2192,2286,36,40,0.444444444,0.25,0.5,0.684210526,0,0,0.025,2,0,0,0,0,0,0,0,9,11,1,8,2,0,0,0,0,2,2,0,0,0,0,1,0,0,0,0,0,0,0,0,7,9,1,9,2,0,25.2632,217.846,103.5,101.061,4.94737,48.3077,22.5625,22,5.05263,36.6923,17.9062,17.3939,3.96104,16.26518,23.64,0.514245333,0.893333333,0.106666667,77,2
tt1764651,85000000,2224,15,2238,2217,2246,7,8,0,1.5,2.25,0.933333333,2.25,0.75,0,0,3,0,0,0,0,0,0,11,11,12,4,0,0,0,0,0,0,0,0,0,0,0,0,0,0,0,0,0,0,0,0,0,0,2,15,14,10,827.133,2217.82,1394.67,1738.95,44.2,157.909,96.5833,95.9756,255.067,450.273,338.958,358.268,4.39733,11.42527398,14.74177468,0.590520738,0.908275174,0.091724826,1003,0
tt1767382,13000000,2201,6,2206,2168,2234,33,28,0.181818182,8.5,13.5,7.333333333,0,0,0.321428571,9,5,5,16,5,0,0,0,10,5,1,57,27,3,2,2,0,2,3,1,0,0,0,1,0,0,16,5,0,5,9,0,6,2,0,64,25,8,59.0957,210.568,107.391,105.748,7.93617,47.3409,20.5,21.0272,3.39362,5.59091,4.0942,4.67347,2.14706,-4.645924375,-6.06875,-0.17878875,0.38125,0.61875,160,0
tt1772341,189000000,2235,27,2261,2154,2305,81,44,0.864197531,5.75,9.5,4.703703704,0.75,1.25,0.590909091,18,12,3,10,2,3,0,1,85,109,20,15,1,8,2,3,0,14,16,1,0,0,0,12,5,1,5,1,3,3,0,0,77,96,19,20,9,10,2928.83,12254.8,7478.25,7350.91,150.351,584.387,362.453,342.11,251.351,572,408.551,398.688,4.63364,8.119482127,12.14157591,0.596296348,0.98078155,0.01921845,1561,1
tt1772925,2600000,2201,25,2225,2137,2302,64,77,1.53125,6.5,9.75,6.32,1.5,0.75,1.428571429,6,5,12,16,13,13,0,0,52,83,71,89,57,23,0,0,0,1,3,0,0,0,0,2,0,0,16,13,13,0,15,0,50,74,67,94,53,39,34.2761,122.404,75.4304,239.323,3.25153,13.3205,8.20253,12.2455,7.1411,15.2051,11.1108,28.9705,4.15789,13.8494,17.6,0.65788,0.9,0.1,10,2
tt1781769,13000000,2237,16,2252,2198,2302,39,50,2.205128205,6.75,9.5,10.75,0,0,0.12,6,11,0,50,35,0,0,0,43,54,6,45,71,0,7,1,0,11,2,0,0,0,0,0,0,0,50,35,0,0,0,0,33,48,1,57,87,5,280.517,408.567,350.914,368.219,14.9272,18.2622,16.8218,17.0365,48.7417,47.5915,49.1254,47.9362,3.36508,9.275622314,13.58264463,0.450691322,0.892561983,0.107438017,242,2
tt1787988,2700000,2239,4,2242,2195,2293,44,51,0.318181818,6.5,11.25,6.75,0.5,0.75,1.196078431,22,4,29,5,3,5,0,0,16,5,16,41,15,16,1,0,0,6,3,0,0,0,0,0,0,0,5,3,5,1,0,0,11,2,12,62,19,49,274.765,536.482,337.568,232.27,27.1294,118.778,48.8468,32.5225,58.1294,64.1111,59.9279,39.2753,4.0241,9.079107595,13.44303797,0.501106329,0.911392405,0.088607595,79,2
tt1790885,96000000,2242,16,2257,2222,2283,20,26,0.8,4.5,7.25,8.3125,0,0,0.076923077,7,18,0,3,0,0,0,0,52,114,1,1,1,1,0,0,0,3,3,0,0,0,0,6,17,0,1,0,0,0,0,0,44,108,1,9,5,1,940,2191.52,1800.59,1760.78,59.2857,119.519,99.8936,98.7576,184.048,151.847,164.005,159.707,4.35844,3.981032022,9.341370558,0.268598942,0.881556684,0.118443316,2366,2
tt1790886,87000000,2223,16,2238,2205,2292,18,54,0.333333333,1.75,11.5,4.5625,0,0,0.111111111,13,12,0,0,0,0,0,0,33,46,6,13,13,0,0,2,0,3,6,0,0,0,0,6,3,0,0,0,0,0,0,0,10,32,6,40,32,0,750.475,1288.21,1024.44,1025.19,30.7627,55.1096,43.2901,43.0725,155.492,132.973,141.748,138.514,3.73181,10.56140816,13.73413897,0.530474471,0.874622356,0.125377644,664,1
tt1800741,35000000,2221,11,2231,2204,2241,17,10,0.352941176,0,2,3,0,4.5,1.1,4,5,7,1,2,1,0,0,6,19,12,3,5,9,0,2,0,2,2,0,0,0,0,1,0,1,1,2,1,0,0,0,4,15,12,6,14,15,1027.36,938.545,965,800.118,139.786,45.8485,73.8298,56.9079,856,299.909,465.553,337.671,4.47619,21.09921397,26.53676471,0.686513971,0.977941176,0.022058824,137,2
tt1815852,3400000,2223,10,2232,2202,2306,21,74,0.142857143,0.25,0,0,0,0,0.040540541,1,0,1,1,0,0,0,0,2,0,1,0,0,1,0,0,0,1,0,0,0,0,0,0,0,0,1,0,0,0,0,0,1,0,0,1,0,3,56.75,0,56.75,35.4286,4,0,4,2.28571,23,0,23,13.1429,4.15625,9.932283871,13.25806452,0.456077419,0.838709677,0.161290323,31,1
tt1817676,2600000,2210,6,2215,2193,2305,17,90,0.411764706,0.75,4,3,0,0,0.077777778,5,6,2,0,0,0,0,0,21,11,3,0,0,2,0,1,0,2,1,1,0,0,0,0,1,1,0,0,0,0,0,0,19,11,1,5,5,4,212,153.5,188.068,168.627,35.5769,24.3889,31,27.7059,19.8846,4.66667,13.6591,12.549,3.73333,11.53601429,22.71428571,0.4067,1,0,7,1
tt1827512,1400000,2202,14,2215,2194,2248,8,33,0,2.75,5.25,4.071428571,0.5,1,0.060606061,2,2,0,1,4,0,0,0,8,6,0,20,45,8,1,0,0,2,0,0,0,0,1,1,0,0,1,4,0,0,0,0,7,4,0,20,49,8,0.6875,1.66667,1.31461,1.61856,0,0.473684,0.303371,0.319588,0,0.157895,0.101124,0.0927835,3.6,5.801681818,6.909090909,0.223181818,0.636363636,0.363636364,11,2
tt1838544,12000000,2199,8,2206,2188,2305,11,99,0.090909091,0,0.75,0.875,0,1,0.04040404,2,2,1,0,0,2,0,0,2,5,3,0,0,1,0,0,1,0,1,1,0,0,0,0,0,0,0,0,2,0,0,0,2,4,3,2,2,2,252.75,301.667,282.1,270.579,19.5,28.3333,24.8,29.8947,29,23.8333,25.9,19.5789,3.6,16.0182623,19.1928663,0.7632697,0.8681862,0.1318138,0,2
tt1839492,2500000,2221,14,2234,2210,2306,11,72,0.181818182,0.5,3,1.642857143,1.25,0,0.166666667,1,0,0,0,3,0,0,0,1,5,14,14,15,3,0,0,0,1,0,0,0,0,0,1,0,0,0,3,0,0,0,0,0,3,13,14,17,4,96.5,111.545,105.211,509.571,7.5625,5.45455,6.34211,16.0357,21.6875,13.8182,17.1316,43.2679,4.30233,17.05679512,19,0.729129268,0.926829268,0.073170732,41,1
tt1840417,11000000,2227,5,2231,2194,2294,33,63,0.787878788,5.75,11.75,9.4,0,2,0.873015873,16,7,9,5,1,1,0,0,42,24,40,27,14,13,6,1,0,13,4,0,0,0,0,2,0,2,5,1,1,0,0,0,39,23,40,37,19,20,220.281,349.702,262.818,398.859,25.9062,21.383,24.4196,25.4417,50,43.1489,47.7483,62.3398,3.63218,10.34943235,13.72352941,0.473564118,0.841176471,0.158823529,170,2
tt1853728,163000000,2243,21,2263,2164,2305,79,42,3.936708861,14.25,29.5,9.761904762,0.5,1.25,0.952380952,27,14,5,116,2,1,0,0,259,165,38,75,19,3,9,5,0,54,13,1,1,0,0,2,3,0,83,0,0,1,0,0,239,153,2,106,36,44,638.099,5111.99,1965.37,1914.37,34.821,266.888,103.669,99.4214,211.504,577.922,320.21,303.374,4.62197,4.774319043,9.185918316,0.373419544,0.896016036,0.103983964,3997,2
tt1855199,41000000,2229,18,2246,2209,2304,20,58,2.8,8.75,20.25,6.722222222,1.5,0,0.189655172,18,20,4,16,15,1,0,0,40,36,10,91,49,2,7,1,0,10,10,0,0,1,0,6,0,1,16,15,1,0,0,0,37,28,10,103,67,5,258.849,1107.76,603.345,703.768,12.4651,49.3729,27.453,33.3129,20.8895,45.9153,31.1498,36.5065,4.41732,7.917037136,11.30582524,0.510993083,0.887135922,0.112864078,824,2
tt1855325,42000000,2228,10,2237,2098,2305,130,68,1.476923077,7.25,9.25,7.8,11,9.25,0.264705882,63,8,11,21,0,3,0,3,82,65,69,89,5,16,0,0,0,10,2,6,0,0,0,43,5,3,14,0,1,37,0,0,79,61,62,75,10,27,10786.1,27610.4,13972.2,14811.2,650.922,800.257,686.328,637.349,1051.46,1796.09,1206.4,1117,3.17765,2.613257273,4.284848485,0.203007273,0.666666667,0.333333333,330,0
tt1859650,17000000,2216,22,2237,2203,2266,13,29,0.461538462,0,0.5,0.818181818,1.25,8.75,0.827586207,2,1,6,1,2,0,0,0,1,3,43,4,12,15,0,0,0,1,1,1,0,0,0,1,0,3,0,2,0,0,0,0,1,1,42,5,14,18,156.25,71.75,99.9167,314.411,14.25,7.6875,9.875,17.4667,120.125,10.5625,47.0833,29.8222,3.58416,23.246928,30.13333333,0.629865333,0.893333333,0.106666667,76,1
tt1862079,4000000,2214,20,2233,2187,2259,27,26,2.296296296,16,16,8.2,6.25,0.25,0.153846154,15,5,4,35,18,0,0,3,27,57,18,104,80,8,9,1,0,32,40,1,0,1,2,5,1,2,35,18,0,6,22,0,21,49,18,88,34,9,12.8421,82.4487,39.8491,70.0495,2.29474,16.2756,8.51775,9.80729,3.65263,2.98718,3.39645,5.61458,4.15,15.34160968,18.14516129,0.700575806,0.935483871,0.064516129,62,1
tt1870529,5300000,2230,9,2238,2203,2299,27,61,1.851851852,3.75,10,2.777777778,0,1.5,0.114754098,14,3,1,12,1,0,0,0,61,20,9,18,1,3,0,0,0,11,1,0,0,0,0,0,0,0,3,0,0,0,0,0,56,19,6,35,5,7,63.1429,161.92,82.1385,83.1818,12.0381,31.04,15.6923,15.5245,19.619,29.68,21.5538,20.8601,4.31522,12.62343409,15.72727273,0.550417045,0.886363636,0.113636364,88,2
tt1876451,24000000,2224,8,2231,2204,2306,20,75,1.5,8.75,15.75,5.5,7,13.75,0.373333333,12,4,7,5,0,1,0,0,103,38,86,8,2,17,0,0,0,6,1,2,0,0,0,0,0,5,1,0,0,0,0,0,95,37,82,26,6,22,4329.26,13257.9,6285.74,7116.8,117.453,338.103,167.133,158.18,381.391,691.359,445.47,325.756,4.54839,12.49669422,14.9203125,0.754780938,0.965625,0.034375,640,2
tt1885265,35000000,2199,13,2211,2184,2303,15,92,4,12.75,24.75,3.615384615,0.75,0,0.27173913,15,10,3,24,4,1,0,0,101,11,13,58,21,10,12,1,1,12,2,2,0,0,1,1,0,3,24,4,1,0,0,0,92,9,12,80,32,10,155.457,661.34,247.973,489.291,23.9857,98.8723,37.6809,51.3263,20.1429,67.0851,28.7276,39.014,4.66268,11.85745505,14.75338189,0.724886785,0.96566077,0.03433923,961,1
tt1899353,4100000,2203,16,2218,2198,2306,5,88,0,0.25,5.75,4.5,5.5,7.5,0.511363636,4,6,9,1,2,1,0,0,5,6,62,14,58,25,0,0,0,0,1,1,0,0,0,0,0,4,1,2,1,0,0,0,5,5,61,18,64,30,79.6667,258.778,199.547,656.078,19.5417,45.4722,37.8211,54.7617,14.9583,21.2361,18.9053,54.4974,4.52414,12.03458108,16.36936937,0.43302973,0.810810811,0.189189189,111,0
tt1907668,94000000,2235,16,2250,2214,2263,21,13,0.380952381,0.75,5,4.4375,0.75,0.25,0.076923077,8,17,1,1,0,0,0,0,13,47,4,8,6,0,1,1,0,5,8,1,0,2,0,0,2,0,1,0,0,0,0,0,5,37,3,19,23,1,1640.06,3717.17,3122.11,3140.36,82.4839,179.169,151.989,155.43,135.355,227.746,200.14,205.243,4.1531,7.213288329,10.52310427,0.480296149,0.876777251,0.123222749,1688,2
tt1915581,114000000,2217,14,2230,2195,2295,22,65,0.5,6.5,12.25,5.428571429,7,1.5,0.215384615,9,9,4,0,0,1,0,0,46,63,36,27,3,7,4,1,0,6,6,1,0,0,0,3,4,0,0,0,1,0,0,0,35,52,29,42,14,17,3927.81,14387.6,8346.74,12040,210.081,566.225,362.449,547.357,1486.37,2805.17,2054.16,2202.74,3.91638,8.681435129,10.9957102,0.571328456,0.873689228,0.126310772,2100,1
tt1922777,48000000,2232,13,2244,2213,2306,19,62,0.526315789,4.75,6,3.307692308,2.5,5.25,0.048387097,5,6,2,0,0,0,0,1,48,35,31,0,1,0,0,1,0,0,1,2,0,0,0,4,6,1,0,0,0,0,0,1,48,35,29,1,1,1,884.509,4015.72,2287.03,2135.62,45.6415,247.837,136.208,127.354,116.189,271.744,185.865,178.8,3.72157,1.553765606,3.059090909,0.088093788,0.601515152,0.398484848,661,0
tt1931533,15000000,2232,11,2242,2204,2305,28,63,0.107142857,6.25,11,7.090909091,8.5,7.75,0.26984127,5,7,14,0,0,0,0,0,42,59,52,25,12,16,0,0,0,4,6,1,0,0,0,2,3,4,0,0,0,0,0,0,38,54,51,28,15,26,231.361,378.043,302.022,357.664,11.7222,18.5652,15.0935,16.6293,55.75,39.7971,48.3597,43.0517,3.49042,7.500196429,10.63492063,0.366723413,0.793650794,0.206349206,252,1
tt1954352,1800000,2211,10,2220,2065,2306,146,86,2.02739726,3.25,11.75,9.4,1.5,1.5,0.604651163,46,18,2,96,11,9,0,1,80,50,37,134,14,16,0,0,0,1,0,1,0,12,3,1,0,0,96,11,9,3,1,0,78,47,32,162,35,22,111.323,382.18,163.223,196.307,23.0758,54.6742,29.4386,29.3016,15.4494,44.3596,21.3682,23.7821,4.64,23.02225116,25.62790698,0.744467442,0.930232558,0.069767442,43,2
tt1980986,1500000,2205,4,2208,2210,2306,-5,98,0,0,0,0,0.75,0.25,28.60204082,0,0,40,0,0,4,0,0,0,0,12,0,0,2751,0,0,0,0,0,1,0,0,0,0,0,0,0,0,4,0,0,0,0,0,11,0,0,2791,0,0,0,3.59458,0,0,0,0.196295,0,0,0,0.111863,4.41667,12.40933158,15.57894737,0.702178947,0.947368421,0.052631579,19,1
tt1981677,65000000,2230,21,2250,2214,2305,16,55,0.875,7,21.25,5.80952381,0.75,1.25,0.654545455,20,26,4,4,1,0,0,0,55,67,34,47,27,6,1,1,0,14,5,5,0,2,0,0,0,0,4,1,0,0,0,0,35,61,29,74,53,10,857.087,6896.87,3803.92,6531.07,34.4409,199.95,115.194,190.874,87.8661,369.488,225.27,639.171,4.62763,10.04690096,13.54371002,0.639495203,0.973347548,0.026652452,939,1
tt1985017,3300000,2232,8,2239,2220,2233,12,-6,0.083333333,0,0.5,0.5,0,0,0,1,0,0,1,1,0,0,0,1,3,0,0,0,0,0,0,0,0,0,0,0,0,0,0,0,0,1,1,0,0,0,0,1,3,0,1,0,0,50,96.75,76.7143,76.7143,16.3333,44,32.1429,32.1429,61.3333,25,40.5714,40.5714,4.47791,12.66431475,16.04918033,0.556759426,0.87704918,0.12295082,244,2
tt1990314,3300000,2224,18,2241,2206,2254,18,13,1.333333333,2.25,4,3.722222222,0.25,0.75,1.692307692,3,4,5,0,1,0,0,0,3,2,10,43,60,11,0,0,0,0,1,1,0,0,0,2,2,0,0,1,0,0,0,0,3,1,10,44,62,15,6.91837,16.7353,12.6239,20.7394,0.673469,1.47059,1.13675,2.09155,3.18367,1.57353,2.24786,3.3169,4.16216,12.89798919,14.48648649,0.583862162,0.864864865,0.135135135,37,1
tt1991245,18000000,2212,8,2219,2198,2293,14,74,1.857142857,2.75,10.5,3.125,1,0,0.391891892,20,5,7,0,1,1,0,0,10,7,22,49,11,3,0,1,0,3,4,3,0,0,0,3,0,0,0,1,1,0,0,0,7,5,17,66,15,12,218.443,370.24,254.933,418.416,35.3544,76.52,45.25,55.635,55.038,44.92,52.6058,80.1971,2.80741,-1.628022951,-3.819672131,-0.067156557,0.418032787,0.581967213,122,0
tt1996264,1200000,2226,7,2232,2210,2302,16,70,0.625,3.25,11.75,8.142857143,0.25,0.75,0.128571429,12,9,2,3,5,0,0,0,28,25,9,22,15,2,5,3,0,16,6,2,0,0,0,2,0,0,3,5,0,0,0,0,25,24,5,24,22,6,41.9429,61.8421,50.874,54.4357,3.54286,4.07018,3.77953,4.00714,9.72857,5.57895,7.86614,8.41429,4.27586,16.20971379,20.96551724,0.739593103,1,0,29,1
tt2008513,894000,2209,8,2216,2116,2306,93,90,1.76344086,4.75,9.25,13.75,9.25,4.25,1.811111111,17,11,15,39,23,46,0,0,62,20,50,102,56,106,0,0,0,2,0,0,0,0,0,3,0,0,39,23,46,0,0,0,60,20,50,116,67,121,88.4364,74.6909,84.7315,236.146,5.78182,6.89091,6.14198,9.22486,54.6409,18.0273,43.1142,39.638,4,16.149075,19.5,0.71945,1,0,4,2
tt2011971,2000000,2206,25,2230,2194,2226,12,-4,0.666666667,0,2,0.6,0,0,0,3,3,0,0,0,0,0,0,7,3,0,6,9,0,0,0,0,3,0,0,0,0,0,0,0,0,0,0,0,0,1,0,3,1,0,10,13,0,3.375,5.86667,4.58065,4.58065,0.125,1.2,0.645161,0.645161,2.1875,0.466667,1.35484,1.35484,4.29412,19.2985,23.18181818,0.649209091,0.909090909,0.090909091,11,1
tt2016894,1500000,2224,2,2225,2157,2306,67,81,0.537313433,15.5,38,40.5,25.75,18.75,2.740740741,37,12,127,9,0,0,0,0,161,57,245,40,10,27,3,2,1,18,9,6,0,0,0,0,0,0,9,0,1,1,1,0,139,37,73,83,34,320,4028.8,6610.6,4028.8,4623.66,321.78,639.1,321.78,307.902,395.588,566.72,395.588,429.761,4,12.20355323,16.69354839,0.515812903,0.870967742,0.129032258,62,0
tt2023453,49000000,2222,21,2242,2090,2304,132,62,1.234848485,4,11.25,2.761904762,2.5,0,0.016129032,29,3,0,20,0,1,0,3,88,52,8,83,3,2,1,0,0,2,3,0,0,0,1,9,0,0,20,0,1,16,0,0,77,49,8,99,6,2,554.094,1835.5,768.926,859.133,155.446,145.673,154.587,152.273,61.0312,102.365,68.3911,69.8294,4.23704,17.57198103,21.40711462,0.66421502,0.932806324,0.067193676,253,1
tt2053352,1000000,2229,20,2248,2221,2287,8,39,0,3.25,3.75,2,0,0,0.102564103,2,0,1,0,2,0,0,0,13,14,2,13,24,1,0,0,0,5,1,0,0,0,0,2,0,0,0,2,0,0,0,0,7,7,0,14,30,4,4,8.4,6.58824,7.875,0.214286,0.75,0.529412,0.611111,1,1.65,1.38235,1.56944,4.81818,16.303,20.63636364,0.726818182,1,0,11,2
tt2073016,1200000,2234,11,2244,2219,2290,15,46,0.666666667,2.25,3,3.909090909,0.25,1.5,0.304347826,4,1,2,8,7,4,0,0,8,5,9,11,30,6,0,0,0,12,3,6,0,0,0,1,0,0,0,5,1,0,0,0,1,3,4,17,32,10,16.5484,8.83721,12.0676,35.3684,4.22581,1.55814,2.67568,4.30526,9.3871,0.953488,4.48649,5.98947,4.91667,16.79390833,22.25,0.739558333,1,0,12,2
tt2077851,2300000,2225,14,2238,2209,2286,16,48,2.5,4.75,10.5,5.857142857,0.5,0,0.770833333,13,12,0,14,9,36,0,0,18,30,0,56,31,3,0,0,0,16,10,1,0,0,0,1,1,0,5,1,35,4,1,0,7,17,0,68,52,3,33.4,92.9206,53.8907,50.6351,2.575,5.85714,3.70492,3.54054,6.66667,6.38095,6.56831,5.42342,4.22222,12.87768235,17.70588235,0.585741176,1,0,17,1
tt2083383,36000000,2229,13,2241,2223,2271,6,30,0,0.75,5.5,3.461538462,1,0.25,0.466666667,5,8,2,0,0,3,0,0,17,37,14,2,0,0,1,0,0,2,3,1,0,0,0,3,3,0,0,0,3,0,0,0,14,32,10,6,7,5,599,1329.32,1064.53,927.899,61.68,86.0488,78.1406,64.764,105.56,110,110.109,98.8202,4.348,13.75890062,17.01859504,0.702217562,0.95661157,0.04338843,486,2
tt2091473,7600000,2243,5,2247,2226,2292,17,45,0.235294118,1,14.25,7.2,0.25,0.75,0.355555556,16,9,4,5,3,0,0,0,25,13,16,19,11,0,0,0,0,0,0,2,0,1,0,4,0,0,5,3,0,0,0,0,24,6,14,31,27,4,87.2615,76.7778,83.67,85.5124,16.6308,45.25,25.51,24.4793,24.9077,15.2778,21.58,21.5041,3.30435,9.362447015,13.26119403,0.476312687,0.858208955,0.141791045,135,2
tt2097307,14000000,2225,8,2232,2208,2278,17,46,4.294117647,11.5,18.5,8.375,0.5,0,0.239130435,32,16,2,2,0,0,0,0,125,42,8,30,9,3,4,0,0,10,1,1,0,0,0,2,0,0,2,0,0,0,0,0,109,40,7,70,26,5,93.6943,239,131.138,132.304,3.96373,11.194,5.82692,6.08059,6.35751,10.7612,7.49231,8.04762,3.31579,13.97219688,16.35625,0.472214375,0.80625,0.19375,160,1
tt2109184,54000000,2233,12,2244,2070,2306,163,62,3.490797546,6,14.5,6.666666667,7.5,1.25,1.822580645,65,16,34,302,3,11,0,0,103,49,88,177,12,14,4,0,1,207,13,21,1,18,11,25,0,21,111,0,0,5,0,0,79,31,75,194,36,31,3713.68,14017.6,4800.52,5236.81,377.358,3059.5,659.97,636.667,239.247,711.974,289.298,352.675,2.94016,2.065314425,3.708265802,0.119983955,0.622366288,0.377633712,618,0
tt2125435,13000000,2217,31,2247,2187,2300,30,53,0.766666667,1,3,8.129032258,8.5,7.75,0.566037736,2,13,7,4,10,1,0,0,10,158,73,23,70,14,0,1,0,1,6,3,0,0,0,0,2,0,4,10,1,0,0,0,9,151,71,25,83,20,52.7949,345.289,310.358,341.567,4.97436,22.0635,20.0455,21.4611,16.5128,60.0762,55.1364,55.8731,4,7.649711905,13.16190476,0.26889381,0.828571429,0.171428571,210,2
tt2125608,3700000,2221,57,2277,2202,2304,19,27,0.157894737,0.5,1.75,2.473684211,0,0,0.037037037,1,15,0,0,5,0,0,0,2,74,0,9,46,1,0,1,0,1,1,0,0,2,0,1,6,0,0,5,0,0,0,0,1,69,0,9,58,1,22.1667,105.426,98.8954,98.8506,1.75,8.37589,7.85621,7.87662,9,21.1773,20.2222,20.0909,4.73438,10.96340635,15.98412698,0.513873016,0.952380952,0.047619048,63,2
tt2125666,2400000,2220,19,2238,2196,2297,24,59,0.125,1.75,3.5,5.105263158,2,2.75,0.355932203,2,6,3,0,0,12,0,0,8,66,19,14,25,6,0,0,0,1,3,0,0,0,0,0,0,0,0,0,12,1,0,1,6,55,19,16,39,8,10.875,17.0208,15.9825,16.3354,3.70833,3.82292,3.82456,3.90683,5.5,1.91667,2.55263,2.40994,3.30769,2.405718182,1,0.107518182,0.545454545,0.454545455,11,2
tt2176013,3000000,2237,3,2239,2228,2306,9,67,1.444444444,26.25,30.5,34.66666667,27.5,22.5,2.029850746,57,24,135,0,0,0,0,0,150,60,184,29,19,15,4,1,2,6,3,4,0,0,0,0,0,0,0,0,1,0,0,0,139,56,97,95,45,234,3152.05,5666.85,3582.76,3628.75,224.613,442.576,269.059,224.385,612.688,601.727,635.441,481.099,3.46341,8.517301333,9.426666667,0.513804,0.8,0.2,75,2
tt2215285,66000000,2217,13,2229,2207,2305,10,76,0.9,6.25,8.25,2.538461538,4,2.75,0.539473684,3,5,4,0,0,4,0,0,48,24,46,14,4,13,2,0,1,7,2,2,0,0,0,0,0,2,0,0,4,0,0,0,47,22,44,13,9,16,1504.69,3047.16,2003.26,3793.04,100.075,125.5,108.293,144.024,323.269,265.312,304.535,417.988,4.24072,11.33448489,14.7265861,0.634209819,0.933534743,0.066465257,662,1
tt2215719,25000000,2218,8,2225,2205,2237,13,12,0.076923077,2.5,23.25,5.5,0,0,0.25,13,6,1,29,10,0,0,0,41,20,1,21,8,1,0,0,0,28,1,1,0,1,0,8,3,0,29,10,0,0,0,0,7,7,0,31,23,2,90.7212,362.068,171.392,194.503,13.8269,24.6591,17.0473,19.2848,9.00961,19.1136,12.0135,14.5894,4.39231,22.2839234,26.07446809,0.723209574,0.957446809,0.042553191,94,2
tt2247692,33000000,2219,13,2231,2202,2314,17,83,0.235294118,2.5,12.25,23.53846154,9,1.5,3.253012048,6,3,18,11,69,14,0,0,36,209,146,10,24,134,0,1,0,12,70,8,0,0,0,0,0,0,2,0,7,0,0,0,33,205,57,16,31,240,845.746,5943.83,4856.96,4292.19,54.4921,557.824,445.448,400.521,896.365,3497.8,2955.81,2199.34,4.54087,8.378223199,11.26682502,0.369972486,0.787015044,0.212984956,2526,2
tt2359137,3300000,2228,5,2232,2146,2299,82,67,0.987804878,3.5,6,3.4,0,0,0.208955224,0,0,0,73,5,10,0,0,36,10,1,10,2,3,0,0,0,2,0,1,0,0,0,0,0,0,73,5,10,0,0,0,30,4,0,14,8,3,21.7311,330.353,57.5597,63.2867,3.17647,49.9412,8.3806,9.46,13.7311,176.529,33.1045,31.9,4.63569,15.3497764,19.20599251,0.638392884,0.917602996,0.082397004,267,2
tt0903624,303000000,2241,17,2259,0,0,0,0,0,0,0,0,0,0,0,0,0,0,0,0,0,0,0,0,0,0,0,0,0,0,0,0,0,0,0,0,0,0,0,0,0,0,0,0,0,0,0,0,0,0,0,0,0,0,0,0,0,0,0,0,0,0,0,0,0,0,7.616029829,11.33752381,0.516149829,0.920761905,0.079238095,2627,2
tt0948470,262000000,2218,13,2232,0,0,0,0,0,0,0,0,0,0,0,0,0,0,0,0,0,0,0,0,0,0,0,0,0,0,0,0,0,0,0,0,0,0,0,0,0,0,0,0,0,0,0,0,0,0,0,0,0,0,0,0,0,0,0,0,0,0,0,0,0,0,13.16438397,16.31902834,0.656973846,0.931983806,0.068016194,1236,0
tt0975645,6000000,2238,14,2253,0,0,0,0,0,0,0,0,0,0,0,0,0,0,0,0,0,0,0,0,0,0,0,0,0,0,0,0,0,0,0,0,0,0,0,0,0,0,0,0,0,0,0,0,0,0,0,0,0,0,0,0,0,0,0,0,0,0,0,0,0,0,12.9824463,17.60185185,0.607088889,0.981481481,0.018518519,108,2
tt1045658,132000000,2237,27,2265,0,0,0,0,0,0,0,0,0,0,0,0,0,0,0,0,0,0,0,0,0,0,0,0,0,0,0,0,0,0,0,0,0,0,0,0,0,0,0,0,0,0,0,0,0,0,0,0,0,0,0,0,0,0,0,0,0,0,0,0,0,0,5.182972758,11.34777303,0.348509365,0.968883466,0.031116534,3280,1
tt1194173,113000000,2223,11,2235,0,0,0,0,0,0,0,0,0,0,0,0,0,0,0,0,0,0,0,0,0,0,0,0,0,0,0,0,0,0,0,0,0,0,0,0,0,0,0,0,0,0,0,0,0,0,0,0,0,0,0,0,0,0,0,0,0,0,0,0,0,0,8.143575345,10.96640672,0.464066647,0.839232154,0.160767846,1667,0
tt1212450,37000000,2226,11,2238,0,0,0,0,0,0,0,0,0,0,0,0,0,0,0,0,0,0,0,0,0,0,0,0,0,0,0,0,0,0,0,0,0,0,0,0,0,0,0,0,0,0,0,0,0,0,0,0,0,0,0,0,0,0,0,0,0,0,0,0,0,0,12.63789904,15.86091127,0.576413189,0.887290168,0.112709832,417,2
tt1486192,16000000,2208,9,2218,0,0,0,0,0,0,0,0,0,0,0,0,0,0,0,0,0,0,0,0,0,0,0,0,0,0,0,0,0,0,0,0,0,0,0,0,0,0,0,0,0,0,0,0,0,0,0,0,0,0,0,0,0,0,0,0,0,0,0,0,0,0,13.85691376,16.96825397,0.570121164,0.862433862,0.137566138,189,0
tt1667307,1000000,2205,18,2224,0,0,0,0,0,0,0,0,0,0,0,0,0,0,0,0,0,0,0,0,0,0,0,0,0,0,0,0,0,0,0,0,0,0,0,0,0,0,0,0,0,0,0,0,0,0,0,0,0,0,0,0,0,0,0,0,0,0,0,0,0,0,9.137871429,13.14285714,0.284778571,0.714285714,0.285714286,15,1
tt1667353,65000000,2204,18,2223,0,0,0,0,0,0,0,0,0,0,0,0,0,0,0,0,0,0,0,0,0,0,0,0,0,0,0,0,0,0,0,0,0,0,0,0,0,0,0,0,0,0,0,0,0,0,0,0,0,0,0,0,0,0,0,0,0,0,0,0,0,0,13.65301978,16.29038113,0.671384392,0.923774955,0.076225045,551,1
tt1682181,4000000,2204,31,2236,0,0,0,0,0,0,0,0,0,0,0,0,0,0,0,0,0,0,0,0,0,0,0,0,0,0,0,0,0,0,0,0,0,0,0,0,0,0,0,0,0,0,0,0,0,0,0,0,0,0,0,0,0,0,0,0,0,0,0,0,0,0,-4.650303191,-3.776595745,-0.205835106,0.446808511,0.553191489,94,2
tt1704573,9200000,2208,19,2228,0,0,0,0,0,0,0,0,0,0,0,0,0,0,0,0,0,0,0,0,0,0,0,0,0,0,0,0,0,0,0,0,0,0,0,0,0,0,0,0,0,0,0,0,0,0,0,0,0,0,0,0,0,0,0,0,0,0,0,0,0,0,18.90835246,22.63934426,0.734577049,0.967213115,0.032786885,122,1
tt1764234,15000000,2239,5,2245,0,0,0,0,0,0,0,0,0,0,0,0,0,0,0,0,0,0,0,0,0,0,0,0,0,0,0,0,0,0,0,0,0,0,0,0,0,0,0,0,0,0,0,0,0,0,0,0,0,0,0,0,0,0,0,0,0,0,0,0,0,0,-0.7772782,-0.08,-0.063759,0.494,0.506,501,0
tt1792647,12000000,2242,6,2249,0,0,0,0,0,0,0,0,0,0,0,0,0,0,0,0,0,0,0,0,0,0,0,0,0,0,0,0,0,0,0,0,0,0,0,0,0,0,0,0,0,0,0,0,0,0,0,0,0,0,0,0,0,0,0,0,0,0,0,0,0,0,14.98547143,20.88571429,0.574814286,0.971428571,0.028571429,35,2
tt1866249,6000000,2233,19,2253,0,0,0,0,0,0,0,0,0,0,0,0,0,0,0,0,0,0,0,0,0,0,0,0,0,0,0,0,0,0,0,0,0,0,0,0,0,0,0,0,0,0,0,0,0,0,0,0,0,0,0,0,0,0,0,0,0,0,0,0,0,0,15.70707073,20.97560976,0.641260976,1,0,82,1
tt1996346,1100000,2206,1,2208,0,0,0,0,0,0,0,0,0,0,0,0,0,0,0,0,0,0,0,0,0,0,0,0,0,0,0,0,0,0,0,0,0,0,0,0,0,0,0,0,0,0,0,0,0,0,0,0,0,0,0,0,0,0,0,0,0,0,0,0,0,0,15.829454,17.5,0.59127,0.84,0.16,50,2
tt2053425,2100000,2238,17,2256,0,0,0,0,0,0,0,0,0,0,0,0,0,0,0,0,0,0,0,0,0,0,0,0,0,0,0,0,0,0,0,0,0,0,0,0,0,0,0,0,0,0,0,0,0,0,0,0,0,0,0,0,0,0,0,0,0,0,0,0,0,0,3.005947368,11.26315789,0.130694737,0.947368421,0.052631579,19,2
tt2073128,14000000,2207,79,2287,0,0,0,0,0,0,0,0,0,0,0,0,0,0,0,0,0,0,0,0,0,0,0,0,0,0,0,0,0,0,0,0,0,0,0,0,0,0,0,0,0,0,0,0,0,0,0,0,0,0,0,0,0,0,0,0,0,0,0,0,0,0,6.5716,23.33333333,0.2749,1,0,3,2
tt2082197,2800000,2228,5,2234,0,0,0,0,0,0,0,0,0,0,0,0,0,0,0,0,0,0,0,0,0,0,0,0,0,0,0,0,0,0,0,0,0,0,0,0,0,0,0,0,0,0,0,0,0,0,0,0,0,0,0,0,0,0,0,0,0,0,0,0,0,0,10.37158152,13.22826087,0.691936957,0.956521739,0.043478261,92,1
tt2112131,2500000,2242,1,2244,0,0,0,0,0,0,0,0,0,0,0,0,0,0,0,0,0,0,0,0,0,0,0,0,0,0,0,0,0,0,0,0,0,0,0,0,0,0,0,0,0,0,0,0,0,0,0,0,0,0,0,0,0,0,0,0,0,0,0,0,0,0,8.821447222,13.33333333,0.547408333,0.916666667,0.083333333,36,1
tt2168910,1000000,2219,0,2220,0,0,0,0,0,0,0,0,0,0,0,0,0,0,0,0,0,0,0,0,0,0,0,0,0,0,0,0,0,0,0,0,0,0,0,0,0,0,0,0,0,0,0,0,0,0,0,0,0,0,0,0,0,0,0,0,0,0,0,0,0,0,7.831794118,13.52941176,0.314694118,0.823529412,0.176470588,18,1
tt2181931,1700000,2231,1,2233,0,0,0,0,0,0,0,0,0,0,0,0,0,0,0,0,0,0,0,0,0,0,0,0,0,0,0,0,0,0,0,0,0,0,0,0,0,0,0,0,0,0,0,0,0,0,0,0,0,0,0,0,0,0,0,0,0,0,0,0,0,0,14.21720556,17.83333333,0.7096,0.981481481,0.018518519,54,1
,,,,,,,,,,,,,,,,,,,,,,,,,,,,,,,,,,,,,,,,,,,,,,,,,,,,,,,,,,,,,,,,,,,,,,,,,
,,,,,,,,,1.444849764,,,,,,,,,,,,,,,,,,,,,,,,,,,,,,,,,,,,,,,,,,,,,,,,,,,,,,,,,,,,,,,,
,,,,,,,,,1.070648358,,,,,,,,,,,,,,,,,,,,,,,,,,,,,,,,,,,,,,,,,,,,,,,,,,,,,,,,,,,,,,,,