imdb_id,mpaa_rating,running_time,budget,opening_wkd,gross_us,awards,genres_Action,genres_Adventure,genres_Animation,genres_Biography,genres_Comedy,genres_Crime,genres_Drama,genres_Documentary,genres_Fantasy,genres_Family,genres_History,genres_Horror,genres_Mystery,genres_Musical,genres_Music,genres_Romance,genres_Sci-Fi,genres_Sport,genres_Thriller,genres_War,genres_Western,country_United States,country_United Kingdom,country_France,country_Canada,country_India,country_other,language_English,language_French,language_Hindi,language_other,release_endtime,release_starttime,show_time_week
tt0383010,3,92,,17010125,44328238,3,0,0,0,0,1,0,0,0,0,0,0,0,0,0,0,0,0,0,0,0,0,1,0,0,0,0,0,1,0,0,0,2223,2206,17
tt0401729,1,132,250000000,30180188,73058679,4,1,1,0,0,0,0,0,0,1,0,0,0,0,0,0,0,0,0,0,0,0,1,0,0,0,0,0,1,0,0,0,2216,2201,15
tt0431021,1,92,14000000,17732480,49122319,4,0,0,0,0,0,0,0,0,0,0,0,1,0,0,0,0,0,0,1,0,0,1,0,0,1,0,0,1,0,0,0,2237,2226,11
tt0443272,1,150,65000000,944308,182204440,261,0,0,0,1,0,0,1,0,0,0,1,0,0,0,0,0,0,0,0,0,0,1,0,0,0,0,0,1,0,0,0,2259,2236,23
tt0454876,3,127,120000000,22451514,124976634,219,0,1,0,0,0,0,1,0,1,0,0,0,0,0,0,0,0,0,0,0,0,1,1,0,0,0,1,1,1,1,1,2270,2238,32
tt0485985,1,125,58000000,18782154,49875589,12,1,1,0,0,0,0,1,0,0,0,0,0,0,0,0,0,0,0,0,0,0,1,0,0,0,0,0,1,0,0,1,2213,2194,19
tt0763831,1,91,40000000,6176280,18438149,3,0,0,0,0,1,0,1,0,0,0,0,0,0,0,0,1,0,0,0,0,0,1,0,0,0,0,0,1,0,0,0,2212,2201,11
tt0770802,1,102,,105000,2601847,3,0,0,0,0,0,0,0,1,0,0,0,0,0,0,0,0,0,0,0,0,0,1,0,0,0,0,1,0,0,0,0,2242,2225,17
tt0790724,1,130,60000000,15210156,80033643,3,1,0,0,0,0,1,0,0,0,0,0,0,0,0,0,0,0,0,1,0,0,1,0,0,0,0,0,1,0,0,0,2254,2242,12
tt0837562,3,91,85000000,42522194,148313048,17,0,0,1,0,1,0,0,0,0,1,0,0,0,0,0,0,0,0,0,0,0,1,0,0,0,0,0,1,0,0,0,2250,2230,20
tt0848228,1,143,220000000,207438708,623279547,110,1,0,0,0,0,0,0,0,0,0,0,0,0,0,0,0,1,0,0,0,0,1,0,0,0,0,0,1,0,0,1,2230,2209,21
tt0903624,1,169,180000000,84617303,303001229,85,0,1,0,0,0,0,0,0,1,0,0,0,0,0,0,0,0,0,0,0,0,1,0,0,0,0,1,1,0,0,0,2259,2241,18
tt0938330,2,95,20000000,8023036,17529157,4,0,0,0,0,0,0,0,0,0,0,0,1,1,0,0,0,0,0,1,0,0,1,0,1,1,0,0,1,0,0,0,2241,2234,7
tt0948470,1,136,230000000,62004688,262030663,31,1,1,0,0,0,0,0,0,1,0,0,0,0,0,0,0,0,0,0,0,0,1,0,0,0,0,0,1,0,0,0,2232,2218,14
tt0975645,1,98,,287715,6002708,26,0,0,0,1,0,0,1,0,0,0,0,0,0,0,0,0,0,0,0,0,0,1,1,0,0,0,0,1,0,0,0,2253,2238,15
tt1024648,2,120,44000000,19458109,136019448,239,0,0,0,1,0,0,1,0,0,0,1,0,0,0,0,0,0,0,0,0,0,1,0,0,0,0,0,1,0,0,1,2259,2232,27
tt1045658,2,122,21000000,443003,132088910,212,0,0,0,0,1,0,1,0,0,0,0,0,0,0,0,1,0,0,0,0,0,1,0,0,0,0,0,1,0,0,0,2265,2237,28
tt1047540,3,105,25000000,14554053,77264926,3,0,0,0,0,1,0,0,0,0,0,0,0,0,0,0,0,0,0,0,0,0,1,0,0,0,0,0,1,0,0,0,2263,2243,20
tt1071875,1,96,57000000,22115334,51774002,3,1,0,0,0,0,0,0,0,1,0,0,0,0,0,0,0,0,0,1,0,0,1,0,0,0,0,1,1,0,0,0,2209,2198,11
tt1074638,1,143,200000000,88364714,304360277,174,1,0,0,0,0,0,0,0,0,0,0,0,0,0,0,0,0,0,1,0,0,1,1,0,0,0,0,1,0,0,0,2253,2236,17
tt1077368,1,113,150000000,29685274,79711678,13,0,0,0,0,1,0,0,0,0,0,0,1,0,0,0,0,0,0,0,0,0,1,0,0,0,0,1,1,0,0,0,2223,2210,13
tt1142977,3,87,39000000,11412213,35287788,58,0,0,1,0,1,0,0,0,0,1,0,0,0,0,0,0,0,0,0,0,0,1,0,0,0,0,0,1,0,0,0,2251,2231,20
tt1183919,1,144,,262004,1412124,12,0,0,0,1,0,0,0,1,0,0,0,0,0,0,1,0,0,0,0,0,0,1,1,0,0,0,0,1,1,0,1,2223,2207,16
tt1194173,1,135,125000000,38142825,113165635,10,1,1,0,0,0,0,0,0,0,0,0,0,1,0,0,0,0,0,0,0,0,1,0,0,0,0,0,1,0,0,1,2235,2223,12
tt1195478,2,124,30000000,10610060,28644770,0,0,0,0,0,1,0,0,0,0,0,0,0,0,0,0,1,0,0,0,0,0,1,0,0,0,0,0,1,0,0,0,2215,2208,7
tt1212450,2,116,26000000,10001566,37397291,4,0,0,0,0,0,1,1,0,0,0,0,0,0,0,0,0,0,0,0,0,0,1,0,0,0,0,0,1,0,0,0,2238,2226,12
tt1217209,3,93,185000000,66323594,237282182,63,1,1,1,0,0,0,0,0,0,0,0,0,0,0,0,0,0,0,0,0,0,1,0,0,0,0,0,1,0,0,0,2245,2216,29
tt1222815,5,78,,10673748,28965459,2,0,0,0,0,0,0,0,1,0,0,0,0,0,0,0,0,0,0,0,0,0,1,0,0,0,0,1,1,0,0,0,2222,2207,15
tt1226240,2,105,,75279,1561577,0,0,0,0,0,0,0,1,0,0,0,0,0,0,0,1,0,0,0,0,0,0,1,0,0,0,0,0,1,0,0,0,2253,2235,18
tt1232200,2,116,70000000,13453714,36931089,15,0,0,0,0,1,0,0,0,0,0,0,0,0,0,0,0,0,0,0,0,0,1,0,0,0,0,0,1,0,0,0,2220,2215,5
tt1232829,2,109,42000000,36302612,138447667,30,1,0,0,0,1,1,0,0,0,0,0,0,0,0,0,0,0,0,0,0,0,1,0,0,0,0,0,1,0,0,0,2217,2202,15
tt1234719,1,93,65000000,14276668,44800706,4,1,0,0,0,0,0,0,0,0,0,0,0,0,0,0,0,0,0,1,1,0,1,0,0,0,0,0,1,0,0,1,2250,2238,12
tt1258972,2,95,15000000,7910980,15608545,3,1,0,0,0,0,0,0,0,0,0,0,0,0,0,0,0,0,0,0,0,0,1,0,0,0,0,1,1,0,0,0,2241,2235,6
tt1259521,2,95,30000000,14743614,42043633,29,0,0,0,0,0,0,0,0,0,0,0,1,1,0,0,0,0,0,1,0,0,1,0,0,0,0,0,1,0,0,1,2218,2206,12
tt1276104,2,119,30000000,20801552,66468315,44,1,0,0,0,0,1,0,0,0,0,0,0,0,0,0,0,1,0,0,0,0,1,0,0,0,0,1,1,0,0,0,2243,2230,13
tt1276419,2,137,,38212,1545726,70,0,0,0,0,0,0,1,0,0,0,1,0,0,0,0,1,0,0,0,0,0,0,0,0,0,0,1,1,1,0,1,2260,2236,24
tt1277953,3,93,145000000,60316738,216366733,19,0,1,1,0,1,0,0,0,0,0,0,0,0,0,0,0,0,0,0,0,0,1,0,1,0,0,1,1,0,0,0,2232,2214,18
tt1298649,2,102,68000000,12750297,34350553,2,0,0,0,0,1,0,0,0,0,0,0,0,0,0,0,0,1,0,0,0,0,1,0,0,0,0,0,1,0,0,0,2232,2221,11
tt1307068,2,101,10000000,3822803,6619173,3,0,0,0,0,1,0,1,0,0,0,0,0,0,0,0,1,0,0,0,0,0,1,0,0,0,0,1,1,0,0,0,2217,2216,1
tt1327194,1,101,25000000,22518358,60443237,19,0,0,0,0,0,0,1,0,0,0,0,0,0,0,0,1,0,0,0,0,0,1,0,0,0,0,0,1,0,0,0,2219,2207,12
tt1336608,1,123,75000000,14437269,38509342,7,0,0,0,0,1,0,1,0,0,0,0,0,0,1,0,0,0,0,0,0,0,1,0,0,0,0,0,1,0,0,0,2223,2215,8
tt1343727,2,95,50000000,6278491,13401683,12,1,0,0,0,0,0,0,0,0,0,0,0,0,0,0,0,1,0,0,0,0,1,1,0,0,1,1,1,0,0,0,2234,2229,5
tt1345836,1,165,250000000,160887295,448130642,130,1,0,0,0,0,1,0,0,0,0,0,0,0,0,0,0,0,0,1,0,0,1,1,0,0,0,0,1,0,0,0,2240,2220,20
tt1366365,1,93,20000000,1831588,3749061,2,1,0,0,0,0,0,0,0,0,0,0,0,0,0,0,0,0,0,1,0,0,1,0,0,0,0,1,1,0,0,1,2230,2227,3
tt1371111,2,172,102000000,9612247,27098580,54,0,1,0,0,0,0,1,0,0,0,0,0,0,0,0,0,1,0,0,0,0,1,0,0,0,0,1,1,0,0,1,2246,2234,12
tt1386703,1,118,125000000,25577758,58877969,4,1,1,0,0,0,0,0,0,0,0,0,0,0,0,0,0,1,0,0,0,0,1,0,0,1,0,0,1,0,0,0,2231,2222,9
tt1392170,1,142,78000000,152535747,407999255,94,0,1,0,0,0,0,0,0,0,0,0,0,0,0,0,0,1,0,0,0,0,1,0,0,0,0,0,1,0,0,0,2226,2203,23
tt1397280,1,92,45000000,49514769,139852971,3,1,0,0,0,0,1,0,0,0,0,0,0,0,0,0,0,0,0,1,0,0,0,0,1,0,0,0,1,0,0,1,2250,2231,19
tt1397514,3,94,79000000,27335363,103812241,10,1,1,0,0,1,0,0,0,0,0,0,0,0,0,0,0,0,0,0,0,0,1,0,0,0,0,0,1,0,0,0,2216,2197,19
tt1405365,2,92,,107785,3094687,4,0,0,0,0,1,0,1,0,0,0,0,0,0,0,0,1,0,0,0,0,0,1,0,0,0,0,0,1,0,0,0,2240,2222,18
tt1409024,1,106,225000000,54592779,179020854,13,1,0,0,0,1,0,0,0,0,0,0,0,0,0,0,0,1,0,0,0,0,1,0,0,0,0,1,1,0,0,0,2227,2212,15
tt1412386,1,124,10000000,737051,46377022,22,0,0,0,0,1,0,1,0,0,0,0,0,0,0,0,0,0,0,0,0,0,1,1,0,0,0,1,1,0,1,0,2233,2209,24
tt1417075,2,145,,27413,1038733,36,0,0,0,0,0,0,1,0,0,0,0,0,0,0,0,0,0,0,0,1,0,0,0,0,1,0,1,0,0,0,1,2210,2197,13
tt1430615,3,107,40000000,7760205,20113965,0,0,0,0,0,0,0,1,0,0,0,0,0,0,0,0,1,0,0,0,0,0,1,1,0,0,0,0,1,0,0,0,2204,2196,8
tt1430626,3,88,55000000,11137734,31051126,19,0,1,1,0,1,0,0,0,0,0,0,0,0,0,0,0,0,0,0,0,0,1,1,0,0,0,0,1,0,0,0,2222,2208,14
tt1433822,1,83,17000000,2955000,4930798,0,0,0,0,0,0,0,0,0,0,0,0,1,0,0,0,0,0,0,1,0,0,1,0,0,0,0,0,1,0,0,0,2231,2225,6
tt1435513,2,100,,35656,1799187,2,0,0,0,0,1,0,0,0,0,0,0,0,0,0,0,1,0,0,0,0,0,0,1,1,0,0,1,1,0,0,0,2229,2211,18
tt1440129,1,131,209000000,25534825,65173160,18,1,1,0,0,0,0,0,0,0,0,0,0,0,0,0,0,1,0,0,0,0,1,0,0,0,0,0,1,0,0,0,2221,2211,10
tt1441952,1,107,,225894,9025107,9,0,0,0,0,1,0,1,0,0,0,0,0,0,0,0,1,0,0,0,0,0,0,1,0,0,0,0,1,0,0,1,2213,2201,12
tt1445520,3,103,,47528,2007451,45,0,0,0,0,1,0,1,0,0,0,0,0,0,0,0,0,0,0,0,0,0,0,0,0,0,0,1,0,0,0,1,2218,2201,17
tt1446192,3,97,145000000,23773465,103400692,37,0,1,1,0,0,0,0,0,0,1,0,0,0,0,0,0,0,0,0,0,0,1,0,0,0,0,0,1,1,0,0,2257,2238,19
tt1446714,2,124,130000000,51050101,126464904,34,0,1,0,0,0,0,0,0,0,0,0,0,1,0,0,0,1,0,0,0,0,1,1,0,0,0,0,1,0,0,1,2228,2214,14
tt1456635,2,92,,49076,4168144,13,0,0,0,0,1,0,0,0,0,0,0,0,0,0,0,0,0,1,0,0,0,1,0,0,1,0,0,1,0,0,0,2212,2204,8
tt1462769,3,105,,10822903,51853450,7,0,0,0,0,1,0,1,0,0,1,0,0,0,0,0,0,0,0,0,0,0,1,0,0,0,0,0,1,0,0,0,2245,2224,21
tt1477855,2,94,,81362,6367780,2,0,0,0,1,1,0,1,0,0,0,0,0,0,0,0,0,0,0,0,0,0,0,1,0,0,0,0,1,0,0,0,2255,2240,15
tt1482459,3,86,70000000,70217070,213949505,12,0,0,1,0,1,0,0,0,0,1,0,0,0,0,0,0,0,0,0,0,0,1,0,0,0,0,0,1,0,0,0,2220,2200,20
tt1486192,2,110,26000000,7289642,16005978,2,0,0,0,0,0,1,0,0,0,0,0,0,1,0,0,0,0,0,1,0,0,1,0,0,0,0,1,1,0,0,0,2218,2208,10
tt1496025,2,88,70000000,25306725,62321039,0,1,0,0,0,0,0,0,0,1,0,0,1,0,0,0,0,0,0,0,0,0,1,0,0,0,0,0,1,0,0,1,2200,2194,6
tt1506999,2,93,23000000,8425370,18934858,5,1,0,0,0,0,0,0,0,0,0,0,0,0,0,0,0,0,0,1,0,0,1,0,0,0,0,1,1,0,0,1,2202,2194,8
tt1520498,5,88,12000000,443901,1064277,2,0,1,0,0,0,0,0,0,0,1,0,0,0,0,0,0,0,0,0,0,0,1,0,0,0,0,0,1,0,0,0,2228,2226,2
tt1524137,2,109,25000000,24349815,66489425,0,1,0,0,0,0,1,1,0,0,0,0,0,0,0,0,0,0,0,0,0,0,1,1,1,0,0,0,1,0,0,1,2201,2193,8
tt1535438,1,100,30000000,14650121,63536011,0,0,0,0,0,1,0,1,0,0,0,0,0,0,0,0,1,0,0,0,0,0,1,0,0,0,0,0,1,0,0,0,2233,2223,10
tt1540128,1,105,35000000,5750288,13101142,2,0,0,0,0,1,0,0,0,0,0,0,0,0,0,0,1,0,1,0,0,0,1,0,0,0,0,0,1,0,0,0,2250,2240,10
tt1547234,1,91,35000000,6300000,20275446,5,1,0,0,0,0,1,0,0,0,0,0,0,0,0,0,0,0,0,1,0,0,1,0,0,0,0,0,1,0,0,1,2233,2225,8
tt1560747,2,144,32000000,736311,16377274,220,0,0,0,0,0,0,1,0,0,0,0,0,0,0,0,0,0,0,0,0,0,1,0,0,0,0,0,1,0,0,0,2254,2228,26
tt1560985,2,83,,33732515,53245055,6,0,0,0,0,0,0,0,0,0,0,0,1,0,0,0,0,0,0,0,0,0,1,0,0,0,0,0,1,0,0,0,2202,2192,10
tt1566501,2,145,12000000,1885608,5669081,12,0,0,0,0,0,0,1,0,0,0,1,0,0,0,0,0,0,0,0,1,0,0,0,0,0,0,1,1,0,0,1,2223,2213,10
tt1568338,1,102,42000000,8001932,18600911,0,1,0,0,0,0,1,0,0,0,0,0,0,0,0,0,0,0,0,1,0,0,1,0,0,0,0,0,1,0,0,1,2199,2195,4
tt1568921,5,94,,6446395,19192510,12,0,1,1,0,0,0,0,0,0,1,0,0,0,0,0,0,0,0,0,0,0,0,0,0,0,0,1,1,0,0,1,2213,2198,15
tt1579361,1,75,,83200,780100,23,0,0,0,1,0,0,0,1,0,0,0,0,0,0,0,0,0,0,0,0,0,1,0,0,0,0,0,1,0,0,0,2243,2236,7
tt1582507,1,101,6900000,12287234,31607598,7,0,0,0,0,0,0,0,0,0,0,0,1,1,0,0,0,0,0,1,0,0,1,0,0,1,0,0,1,0,0,0,2241,2229,12
tt1586265,1,110,40000000,10547068,41102171,13,0,0,0,0,1,0,1,0,0,0,0,0,0,0,0,1,0,0,0,0,0,1,0,0,0,0,0,1,0,0,0,2221,2211,10
tt1588334,2,83,10000000,855709,4244155,0,0,0,0,0,1,0,1,0,0,0,0,0,0,0,0,0,0,0,0,0,0,1,0,0,0,0,0,1,0,0,0,2210,2202,8
tt1591479,2,110,12000000,24476632,70011073,6,1,0,0,0,0,0,0,0,0,0,0,0,0,0,0,0,0,0,1,1,0,1,0,0,0,0,0,1,0,0,1,2213,2199,14
tt1592281,2,116,,137019,1237514,17,0,0,0,0,1,0,1,0,0,0,0,0,0,0,0,0,0,0,0,0,0,0,0,0,1,0,1,1,0,0,0,2229,2217,12
tt1592525,1,95,20000000,6231836,14291570,0,1,0,0,0,0,0,0,0,0,0,0,0,0,0,0,0,1,0,1,0,0,0,0,1,0,0,0,1,0,0,0,2211,2206,5
tt1596350,1,103,65000000,17405930,54758461,6,1,0,0,0,1,0,0,0,0,0,0,0,0,0,0,1,0,0,0,0,0,1,0,0,0,0,0,1,0,0,1,2214,2198,16
tt1596365,1,95,17000000,20874072,54322273,16,0,0,0,0,0,0,1,0,0,0,0,1,0,0,0,0,0,0,1,0,0,0,1,0,1,0,1,1,0,0,0,2208,2196,12
tt1598828,1,91,40000000,11515790,26404753,0,1,0,0,0,1,1,0,0,0,0,0,0,0,0,0,0,0,0,0,0,0,1,0,0,0,0,0,1,0,0,0,2205,2195,10
tt1599348,2,115,85000000,40172720,126149655,6,1,0,0,0,0,1,0,0,0,0,0,0,1,0,0,0,0,0,0,0,0,1,0,0,0,0,1,1,0,0,1,2210,2197,13
tt1601913,2,117,25000000,19665101,51533608,10,0,1,0,0,0,0,1,0,0,0,0,0,0,0,0,0,0,0,1,0,0,1,0,0,0,0,0,1,0,0,0,2205,2195,10
tt1602098,2,113,,696166,3014541,65,0,0,0,0,0,0,1,0,0,0,0,0,0,0,0,0,0,0,0,0,0,1,1,1,0,0,1,1,0,0,0,2210,2195,15
tt1602620,1,127,8900000,68266,6738954,157,0,0,0,0,0,0,1,0,0,0,0,0,0,0,0,1,0,0,0,0,0,0,0,1,0,0,1,1,1,0,0,2262,2242,20
tt1605630,2,113,50000000,21514080,56724080,3,0,0,0,0,1,0,0,0,0,0,0,0,0,0,0,0,0,0,0,0,0,1,0,0,0,0,0,1,0,0,0,2212,2205,7
tt1606389,1,104,30000000,41202458,125014030,22,0,0,0,0,0,0,1,0,0,0,0,0,0,0,0,1,0,0,0,0,0,1,1,1,0,0,1,1,0,0,0,2210,2197,13
tt1611224,2,105,69000000,16306974,37516013,0,1,0,0,0,0,0,0,0,1,0,0,1,0,0,0,0,0,0,0,0,0,1,0,0,0,0,0,1,0,0,0,2228,2216,12
tt1614989,2,100,30000000,43013,1196752,22,0,0,0,0,0,1,0,0,0,0,0,0,0,0,0,0,0,0,1,0,0,0,0,0,0,0,1,1,0,0,1,2223,2208,15
tt1615065,2,131,45000000,16016910,47307550,6,0,0,0,0,0,1,1,0,0,0,0,0,0,0,0,0,0,0,1,0,0,1,0,0,0,0,0,1,0,0,0,2226,2218,8
tt1621045,1,122,12000000,33636303,91547205,17,0,0,0,0,1,0,0,0,0,0,0,0,0,0,0,1,0,0,0,0,0,1,0,0,0,0,0,1,0,0,0,2218,2207,11
tt1623288,3,92,60000000,14087050,55994557,64,0,1,1,0,1,0,0,0,0,0,0,0,0,0,0,0,0,0,0,0,0,1,0,0,0,0,0,1,0,0,0,2243,2224,19
tt1629757,3,116,20000000,2268274,6002756,0,0,0,0,0,0,0,1,0,0,0,0,0,0,0,0,0,0,1,0,0,0,1,0,0,0,0,0,1,0,0,0,2245,2234,11
tt1636826,2,88,12000000,21051363,54724272,4,0,0,0,0,1,1,0,0,0,0,0,0,0,0,0,0,0,0,0,0,0,1,0,0,0,0,0,1,0,0,0,2210,2200,10
tt1637725,2,106,50000000,54415205,218628680,40,0,0,0,0,1,0,0,0,1,0,0,0,0,0,0,0,0,0,0,0,0,1,0,0,0,0,0,1,0,0,0,2233,2217,16
tt1645170,2,83,65000000,17435092,59617068,0,0,0,0,0,1,0,0,0,0,0,0,0,0,0,0,0,0,0,0,0,0,1,0,0,0,0,0,1,0,0,1,2220,2211,9
tt1646987,1,99,150000000,33457188,83640426,6,1,1,0,0,0,0,0,0,1,0,0,0,0,0,0,0,0,0,0,0,0,1,0,0,0,0,1,1,0,0,0,2216,2204,12
tt1648179,3,105,,11816596,45290318,3,1,0,0,0,1,0,0,0,0,0,0,0,0,0,0,0,0,0,0,0,0,1,0,0,0,0,0,1,0,0,1,2250,2232,18
tt1649419,1,114,30000000,143818,18996755,93,0,0,0,0,0,0,1,0,0,0,1,0,0,0,0,0,0,0,0,0,0,0,0,0,0,0,1,1,0,0,1,2258,2242,16
tt1655460,2,98,,6526650,17225675,0,0,0,0,0,1,0,0,0,0,0,0,0,0,0,0,0,0,0,0,0,0,1,0,0,0,0,0,1,0,0,0,2204,2199,5
tt1656190,2,94,30000000,7892539,17120019,2,1,0,0,0,0,1,0,0,0,0,0,0,0,0,0,0,0,0,1,0,0,1,0,0,0,0,0,1,0,0,1,2215,2208,7
tt1659337,1,102,13000000,228359,17738570,56,0,0,0,0,0,0,1,0,0,0,0,0,0,0,0,1,0,0,0,0,0,1,0,0,0,0,0,1,0,0,0,2248,2229,19
tt1663143,1,86,14000000,4101017,9402410,0,0,0,0,0,1,0,0,0,0,0,0,0,0,0,0,0,0,0,0,0,0,1,0,0,0,0,0,1,0,0,0,2240,2234,6
tt1667307,1,99,,58589,1007535,0,0,0,0,0,1,0,1,0,0,0,0,0,0,0,0,1,0,0,0,0,0,1,0,0,0,0,0,1,0,0,0,2224,2205,19
tt1667353,3,106,85000000,18132085,64933670,15,0,1,0,0,1,0,1,0,0,0,0,0,0,0,0,0,0,0,0,0,0,1,0,0,1,0,0,1,0,0,0,2223,2204,19
tt1667889,3,88,95000000,46629259,161317423,12,0,1,1,0,1,0,0,0,0,0,0,0,0,0,0,0,0,0,0,0,0,1,0,0,0,0,0,1,0,0,0,2248,2219,29
tt1673434,1,115,120000000,141067634,292298923,48,0,1,0,0,0,0,1,0,1,0,0,0,0,0,0,0,0,0,0,0,0,1,0,0,0,0,0,1,0,0,0,2252,2237,15
tt1675434,2,112,,103507,13179837,81,0,0,0,1,1,0,1,0,0,0,0,0,0,0,0,0,0,0,0,0,0,0,0,1,0,0,0,1,1,0,0,2245,2212,33
tt1682181,1,98,1100000,116472,4038876,23,0,0,0,0,0,0,0,1,0,0,0,0,0,0,0,0,0,0,0,0,0,1,0,0,0,0,0,1,0,0,0,2236,2204,32
tt1694020,1,95,40000000,5290629,37101011,0,0,0,0,0,1,0,0,0,0,0,0,0,0,0,0,0,0,0,0,0,0,1,0,0,0,0,0,1,0,0,0,2252,2242,10
tt1700844,2,98,,123841,1124786,10,0,0,0,0,0,0,1,0,0,0,0,0,0,0,0,1,0,0,0,0,0,1,1,0,0,0,0,1,0,0,0,2223,2203,20
tt1702425,2,84,,2287239,5895238,9,0,0,0,0,1,0,0,0,0,0,0,0,0,0,0,0,0,0,0,0,1,1,0,0,0,0,0,1,0,0,1,2210,2202,8
tt1703958,4,,,637100,1153360,3,0,0,0,0,1,0,1,0,0,0,0,0,0,0,0,1,0,0,0,0,0,0,0,0,0,1,0,0,0,1,0,2201,2197,4
tt1704573,1,99,,85805,9203192,27,0,0,0,0,1,1,1,0,0,0,0,0,0,0,0,0,0,0,0,0,0,1,0,0,0,0,0,1,0,0,0,2228,2208,20
tt1706593,1,84,12000000,22004098,64572496,2,0,0,0,0,0,0,1,0,0,0,0,0,0,0,0,0,1,0,1,0,0,1,0,0,0,0,0,1,0,0,0,2213,2196,17
tt1707386,1,158,61000000,27281735,148775460,239,0,0,0,0,0,0,1,0,0,0,0,0,0,1,0,1,0,0,0,0,0,1,1,0,0,0,0,1,0,0,0,2256,2243,13
tt1710396,1,118,25000000,11225190,30920167,0,0,0,0,0,1,0,0,0,0,0,0,0,0,0,1,0,0,0,0,0,0,1,0,0,0,0,0,1,0,0,0,2202,2193,9
tt1712170,1,101,35000000,11396768,25863915,4,1,0,0,0,0,1,0,0,0,0,0,0,1,0,0,0,0,0,0,0,0,1,0,0,0,0,0,1,0,0,1,2243,2233,10
tt1716777,1,114,16000000,4255423,12412386,0,0,0,0,0,0,0,1,0,0,0,0,0,0,0,0,0,0,0,0,0,0,1,0,0,0,0,0,1,0,0,0,2224,2217,7
tt1720616,2,107,,2017466,7250054,2,0,0,0,0,1,0,1,0,0,0,0,0,0,0,0,1,0,0,0,0,0,1,0,0,0,0,0,1,0,0,0,2214,2201,13
tt1726669,2,102,10000000,37864,220282,25,0,0,0,0,0,1,0,0,0,0,0,0,0,0,0,0,0,0,1,0,0,1,0,0,0,0,0,1,0,0,0,2222,2221,1
tt1728986,3,,700000000,561996,1216258,6,0,0,0,0,1,0,0,0,0,0,0,0,0,0,0,0,0,0,0,0,0,0,0,0,0,1,0,0,0,1,0,2221,2218,3
tt1735898,1,127,170000000,56217700,155111815,60,0,1,0,0,0,0,1,0,1,0,0,0,0,0,0,0,0,0,0,0,0,1,0,0,0,0,0,1,0,0,0,2226,2213,13
tt1742336,2,90,125000,109221,1573712,8,0,0,0,0,1,0,1,0,0,0,0,0,0,0,0,0,0,0,0,0,0,1,0,0,0,0,0,1,0,0,0,2224,2215,9
tt1748122,1,94,16000000,522996,45507053,121,0,0,0,0,1,0,1,0,0,0,0,0,0,0,0,1,0,0,0,0,0,1,0,0,0,0,0,1,0,0,0,2234,2212,22
tt1748227,2,82,10000000,3104269,6842058,0,1,0,0,0,0,0,0,0,0,0,0,1,0,0,0,0,0,0,1,0,0,1,0,0,0,0,0,1,0,0,0,2243,2239,4
tt1753813,2,100,,72100,72100,21,0,0,0,0,0,0,1,0,0,0,1,0,0,0,0,0,0,0,0,0,0,0,0,1,0,0,1,1,1,0,1,2219,2219,0
tt1758610,1,92,,525192,525192,0,0,0,0,0,0,0,1,0,0,0,0,0,0,0,0,0,0,0,0,0,0,1,0,0,0,0,0,1,0,0,0,2229,2229,0
tt1758830,2,134,35000000,11579175,67523385,13,0,0,0,0,1,0,0,0,0,0,0,0,0,0,0,0,0,0,0,0,0,1,0,0,0,0,0,1,0,0,0,2251,2242,9
tt1764183,2,107,12000000,2002165,7918283,8,0,0,0,0,0,0,1,0,0,0,0,0,0,0,0,0,0,0,1,0,0,1,0,0,0,0,0,1,0,0,0,2245,2228,17
tt1764234,2,97,15000000,6812900,14938570,6,0,0,0,0,0,1,0,0,0,0,0,0,0,0,0,0,0,0,1,0,0,1,0,0,0,0,0,1,0,0,0,2245,2239,6
tt1764651,2,103,92000000,28591370,85017401,10,1,1,0,0,0,0,0,0,0,0,0,0,0,0,0,0,0,0,1,0,0,1,0,0,0,0,1,1,0,0,0,2237,2224,13
tt1767382,2,86,,6661234,12555230,0,0,1,0,0,0,0,0,0,0,0,0,1,1,0,0,0,0,0,0,0,0,1,0,1,0,0,0,1,0,0,0,2205,2201,4
tt1772341,3,108,165000000,49038712,189412677,65,0,1,1,0,1,0,0,0,0,0,0,0,0,0,0,0,0,0,0,0,0,1,0,0,0,0,0,1,0,0,0,2260,2235,25
tt1772925,3,81,,42035,25645988,6,0,0,0,0,0,0,0,1,0,0,0,0,0,0,0,0,0,0,0,0,0,1,0,0,0,0,0,0,0,0,1,2224,2201,23
tt1781769,2,129,,320690,12802907,79,0,0,0,0,0,0,1,0,0,0,0,0,0,0,0,0,0,0,0,0,0,0,1,0,0,0,0,1,0,0,0,2251,2237,14
tt1787988,4,131,7400000,1638706,2706375,20,0,0,0,0,0,1,1,0,0,0,0,0,1,0,0,0,0,0,0,0,0,0,0,0,0,1,0,1,0,1,1,2241,2239,2
tt1790885,2,157,40000000,417150,95720716,196,0,0,0,0,0,0,1,0,0,0,1,0,0,0,0,0,0,0,1,0,0,1,0,0,0,0,0,1,0,0,1,2256,2242,14
tt1790886,2,85,,26588460,96744503,9,0,0,0,0,1,0,0,0,0,0,0,0,0,0,0,0,0,0,0,0,0,1,0,0,0,0,0,1,0,0,0,2237,2223,14
tt1792647,3,91,,2162993,12495865,0,0,0,0,0,0,0,0,0,1,0,0,0,0,0,0,0,0,0,0,0,0,1,0,0,0,0,0,1,0,0,0,2249,2242,7
tt1800741,1,99,33000000,11731708,35057332,0,0,0,0,0,0,0,1,0,0,0,0,0,0,0,1,1,0,0,0,0,0,1,0,0,0,0,0,1,0,0,0,2230,2221,9
tt1815852,1,92,,1183701,3376905,0,1,0,0,0,1,0,0,1,0,0,0,0,0,0,0,0,0,0,0,0,0,1,0,0,0,0,0,1,0,0,0,2231,2223,8
tt1817676,1,93,,1384078,2594878,15,0,0,0,0,1,0,1,0,0,0,0,0,0,0,0,0,0,0,0,0,0,1,0,0,0,0,0,1,0,0,1,2215,2210,5
tt1827512,1,87,,45933,1384749,27,0,0,0,0,0,0,1,0,0,0,0,0,0,0,0,0,0,0,0,0,0,0,0,1,0,0,1,0,1,0,0,2214,2202,12
tt1838544,1,94,,4770360,11653123,0,0,0,0,0,0,0,1,0,0,0,0,0,1,0,0,0,0,0,1,0,0,1,0,0,0,0,0,1,0,0,0,2205,2199,6
tt1839492,2,104,,140822,2535819,6,0,0,0,0,1,0,1,0,1,0,0,0,0,0,0,0,0,0,0,0,0,1,0,0,0,0,0,1,1,0,0,2233,2221,12
tt1840417,1,102,,4750894,11434867,3,0,0,0,0,0,0,1,0,0,0,0,0,1,0,0,1,0,0,0,0,0,1,0,0,0,0,0,1,1,0,0,2230,2227,3
tt1849718,4,,600000000,1140464,1981605,25,1,0,0,0,0,1,1,0,0,0,0,0,0,0,0,0,0,0,0,0,0,0,0,0,0,1,0,1,0,1,1,2198,2195,3
tt1853728,2,165,100000000,30122888,162804648,152,0,0,0,0,0,0,0,0,0,0,0,0,0,0,0,0,0,0,0,0,1,1,0,0,0,0,0,1,1,0,1,2262,2243,19
tt1855199,2,109,,13152683,40983001,17,0,0,0,0,0,1,1,0,0,0,0,0,0,0,0,0,0,0,1,0,0,1,0,0,0,0,0,1,0,0,1,2245,2229,16
tt1855325,2,96,65000000,21052227,42345531,10,1,0,0,0,0,0,0,0,0,0,0,1,0,0,0,0,1,0,0,0,0,1,0,1,1,0,1,1,0,0,1,2236,2228,8
tt1859650,2,112,17000000,361359,16684352,5,0,0,0,0,1,0,0,0,0,0,0,0,0,0,0,1,0,0,0,0,0,1,0,0,0,0,1,1,0,0,1,2236,2216,20
tt1862079,2,86,750000,97762,4007792,20,0,0,0,0,1,0,1,0,0,0,0,0,0,0,0,1,0,0,0,0,0,1,0,0,0,0,0,1,0,0,0,2232,2214,18
tt1866249,2,95,,113467,5997134,72,0,0,0,0,1,0,1,0,0,0,0,0,0,0,0,1,0,0,0,0,0,1,0,0,0,0,0,1,0,0,0,2253,2233,20
tt1870529,3,121,,2603370,5308553,3,0,0,0,0,0,0,1,0,0,0,0,0,0,0,0,0,0,0,0,0,0,1,0,0,0,0,0,1,0,0,0,2237,2230,7
tt1876451,1,116,17000000,11643342,24397469,7,0,0,0,0,0,0,1,0,0,0,0,0,0,0,1,0,0,0,0,0,0,1,0,0,0,0,0,1,0,0,0,2230,2224,6
tt1885265,1,110,,15583924,35010192,5,0,0,0,0,1,0,1,0,0,0,0,0,0,0,0,1,0,0,0,0,0,1,0,0,0,0,0,1,0,0,0,2210,2199,11
tt1899353,2,101,1100000,213785,4105123,15,1,0,0,0,0,1,0,0,0,0,0,0,0,0,0,0,0,0,1,0,0,1,0,1,0,0,1,0,0,0,1,2218,2203,15
tt1907668,2,138,31000000,24900566,93749203,67,0,0,0,0,0,0,1,0,0,0,0,0,0,0,0,0,0,0,1,0,0,1,0,0,0,0,0,1,0,0,0,2249,2235,14
tt1915581,2,110,,39127170,113709992,20,0,0,0,0,1,0,1,0,0,0,0,0,0,0,0,0,0,0,0,0,0,1,0,0,0,0,0,1,0,0,0,2229,2217,12
tt1922777,2,110,,18007634,48056940,11,0,0,0,0,0,0,0,0,0,0,0,1,1,0,0,0,0,0,1,0,0,1,1,0,0,0,0,1,1,0,1,2243,2232,11
tt1931533,2,110,15000000,4174915,14989761,20,0,0,0,0,1,1,0,0,0,0,0,0,0,0,0,0,0,0,0,0,0,0,1,0,0,0,0,1,0,0,1,2241,2232,9
tt1954352,1,105,,251041,1830475,0,0,0,0,0,0,0,1,0,0,0,0,0,0,0,0,0,0,1,0,0,0,1,0,0,0,0,0,1,0,0,0,2219,2211,8
tt1980986,4,145,450000000,847132,1503059,5,0,0,0,0,1,0,0,0,0,0,0,0,0,0,0,1,0,0,0,0,0,0,0,0,0,1,0,0,0,1,0,2207,2205,2
tt1981677,1,112,17000000,5149433,64998368,26,0,0,0,0,1,0,0,0,0,0,0,0,0,0,1,1,0,0,0,0,0,1,0,0,0,0,0,1,0,0,0,2249,2230,19
tt1985017,1,111,10000000,1746025,3333823,3,0,0,0,0,0,0,1,0,0,0,0,0,1,0,0,0,1,0,0,0,0,1,0,0,0,0,0,1,0,0,0,2238,2232,6
tt1990314,1,89,2500000,35539,3325638,9,0,0,0,0,1,1,1,0,0,0,0,0,0,0,0,0,0,0,0,0,0,1,0,0,0,0,0,1,0,0,0,2246,2224,22
tt1991245,2,86,,7955307,18112929,0,0,0,0,0,0,0,0,0,0,0,0,1,0,0,0,0,0,0,1,0,0,1,0,0,0,0,0,1,0,0,0,2219,2212,7
tt1996264,2,85,850000,143935,1243961,0,0,0,0,0,1,0,0,0,0,0,0,0,0,0,0,0,0,0,0,0,0,1,0,0,0,0,0,1,0,0,0,2231,2226,5
tt1996346,1,101,,641542,1082299,0,0,0,0,0,0,0,1,0,0,0,0,0,0,0,0,0,0,0,0,0,0,1,0,0,0,0,0,1,0,0,0,2208,2206,2
tt2008513,4,95,,48024,894471,15,0,0,0,0,0,0,0,1,0,0,0,0,0,0,0,0,0,0,0,0,0,1,0,0,0,0,0,1,0,0,0,2216,2209,7
tt2011971,1,94,,112190,2009041,75,0,0,0,0,1,0,1,0,0,0,0,0,0,0,0,0,0,0,0,0,0,0,0,0,1,0,0,1,1,0,1,2231,2206,25
tt2016894,4,132,,1139340,1484404,0,1,0,0,0,0,0,0,0,0,0,0,0,0,0,0,1,0,0,1,0,0,0,0,0,0,1,0,1,0,1,0,2224,2224,0
tt2023453,3,94,22000000,14623599,49002815,12,0,0,0,0,1,0,0,0,0,1,0,0,0,0,0,0,0,0,0,0,0,1,0,0,1,0,0,1,0,0,0,2241,2222,19
tt2053352,1,86,,63700,1004821,2,0,0,0,1,0,0,0,1,0,0,0,0,0,0,0,0,0,0,0,0,0,1,0,0,0,0,0,1,1,0,1,2248,2229,19
tt2053425,2,120,15000000,27154,2061449,86,0,0,0,0,0,0,1,0,0,0,0,0,0,0,0,1,0,0,0,0,0,0,0,1,0,0,1,1,1,0,0,2256,2238,18
tt2073016,1,105,,125691,1160773,4,0,0,0,0,0,0,1,0,0,0,0,0,0,0,0,0,0,0,0,0,0,0,0,1,0,0,0,1,1,0,1,2243,2234,9
tt2073128,5,40,,270228,13598884,0,0,0,0,0,0,0,0,1,0,0,0,0,0,0,0,0,0,0,0,0,0,1,0,0,0,0,0,1,0,0,0,2287,2207,80
tt2077851,1,81,,322677,2263436,8,0,0,0,0,1,0,0,0,0,0,0,0,0,0,0,0,0,0,0,0,0,1,0,0,0,0,0,1,0,0,0,2237,2225,12
tt2082197,4,151,300000000,1061713,2804874,56,0,0,0,0,1,0,1,0,0,0,0,0,0,0,0,1,0,0,0,0,0,0,0,0,0,1,0,0,0,1,0,2234,2228,6
tt2083383,1,111,,12162040,35754555,4,0,0,0,0,0,0,1,0,0,0,0,0,0,0,0,0,0,1,0,0,0,1,0,0,0,0,0,1,0,0,0,2240,2229,11
tt2091473,2,106,15000000,173915,7556708,9,0,0,0,0,0,0,1,0,0,0,0,0,0,0,0,0,0,0,0,0,0,1,0,0,0,0,1,1,0,0,0,2246,2243,3
tt2097307,2,100,,4675026,13746550,0,1,0,0,0,1,0,0,0,0,0,0,0,0,0,0,1,0,0,0,0,0,1,0,0,0,0,0,1,0,0,0,2231,2225,6
tt2109184,2,88,,29003866,53884821,4,0,0,0,0,0,0,0,0,0,0,0,1,0,0,0,0,0,0,0,0,0,1,0,0,0,0,0,1,0,0,0,2243,2233,10
tt2112131,4,120,450000000,1019213,2474674,4,1,0,0,0,1,0,1,0,0,0,0,0,0,0,0,0,0,0,0,0,0,0,0,0,0,1,0,0,0,1,0,2244,2242,2
tt2125435,1,93,1800000,169702,12784397,226,0,0,0,0,0,0,1,0,1,0,0,0,0,0,0,0,0,0,0,0,0,1,0,0,0,0,0,1,0,0,0,2254,2217,37
tt2125608,1,86,,27459,3695904,93,0,0,0,1,0,0,0,1,0,0,0,0,0,0,1,0,0,0,0,0,0,0,1,0,0,0,1,1,0,0,0,2276,2221,55
tt2125666,3,100,,51326,2401652,29,0,0,0,0,0,0,0,1,0,0,0,0,0,0,0,0,0,0,0,0,0,1,1,0,0,0,1,1,0,0,0,2237,2220,17
tt2168910,4,146,,647956,1027121,34,0,0,0,0,1,0,1,0,0,0,0,0,0,0,0,1,0,0,0,0,0,0,1,0,0,1,0,0,0,1,0,2220,2219,1
tt2176013,4,176,7200000,1283585,3047539,25,0,0,0,0,0,0,1,0,0,0,0,0,0,0,0,1,0,0,0,0,0,0,0,0,0,1,0,0,0,1,0,2238,2237,1
tt2181931,4,134,,745414,1670773,14,0,0,0,0,1,0,1,0,0,1,0,0,0,0,0,0,0,0,0,0,0,0,0,0,0,1,0,1,1,1,1,2233,2231,2
tt2215285,1,114,20000000,25390575,65623128,5,0,0,0,0,1,1,1,0,0,0,0,0,0,0,0,0,0,0,0,0,0,1,0,0,0,0,0,1,0,0,0,2228,2217,11
tt2215719,3,93,12000000,7138266,25240988,0,0,0,0,0,0,0,0,1,0,0,0,0,0,0,1,0,0,0,0,0,0,1,0,0,0,0,0,1,0,0,1,2224,2218,6
tt2247692,3,87,2500000,31610,33349949,0,0,0,0,0,0,0,0,1,0,0,0,0,0,0,0,0,0,0,0,0,0,1,0,0,0,0,0,1,0,0,0,2231,2219,12
tt2359137,3,101,,1585994,3310439,0,0,0,0,0,0,0,1,0,0,0,0,0,0,0,0,0,0,0,0,0,0,1,0,0,0,0,0,1,0,0,0,2231,2228,3
